symbol,sample_0,sample_1,sample_2,sample_3,sample_4,sample_5,sample_6,sample_7,sample_8,sample_9,sample_10,sample_11,sample_12,sample_13,sample_14,sample_15,sample_16,sample_17,sample_18,sample_19,sample_20,sample_21,sample_22,sample_23,sample_24,sample_25,sample_26,sample_27,sample_28,sample_29,sample_30,sample_31,sample_32,sample_33,sample_34,sample_35,sample_36,sample_37,sample_38,sample_39,sample_40,sample_41,sample_42,sample_43,sample_44,sample_45,sample_46,sample_47,sample_48,sample_49,sample_50,sample_51,sample_52,sample_53,sample_54,sample_55,sample_56,sample_57,sample_58,sample_59,sample_60,sample_61,sample_62,sample_63,sample_64,sample_65,sample_66,sample_67,sample_68,sample_69,sample_70,sample_71,sample_72,sample_73,sample_74,sample_75,sample_76,sample_77,sample_78,sample_79,sample_80,sample_81,sample_82,sample_83,sample_84,sample_85,sample_86,sample_87,sample_88,sample_89,sample_90,sample_91,sample_92,sample_93,sample_94,sample_95,sample_96,sample_97,sample_98,sample_99,sample_100,sample_101,sample_102,sample_103,sample_104,sample_105,sample_106,sample_107,sample_108,sample_109,sample_110,sample_111,sample_112,sample_113,sample_114,sample_115,sample_116,sample_117,sample_118,sample_119,sample_120,sample_121,sample_122,sample_123,sample_124,sample_125,sample_126,sample_127,sample_128,sample_129,sample_130,sample_131,sample_132,sample_133,sample_134,sample_135,sample_136,sample_137,sample_138,sample_139,sample_140,sample_141,sample_142,sample_143,sample_144,sample_145,sample_146,sample_147,sample_148,sample_149,sample_150,sample_151,sample_152,sample_153,sample_154,sample_155,sample_156,sample_157,sample_158,sample_159,sample_160,sample_161,sample_162,sample_163,sample_164,sample_165,sample_166,sample_167,sample_168,sample_169,sample_170,sample_171,sample_172,sample_173,sample_174,sample_175,sample_176,sample_177,sample_178,sample_179,sample_180,sample_181,sample_182,sample_183,sample_184,sample_185,sample_186,sample_187,sample_188,sample_189,sample_190,sample_191,sample_192,sample_193,sample_194,sample_195,sample_196,sample_197,sample_198,sample_199,sample_200,sample_201,sample_202,sample_203,sample_204,sample_205,sample_206,sample_207,sample_208,sample_209,sample_210,sample_211,sample_212,sample_213,sample_214,sample_215,sample_216,sample_217,sample_218,sample_219,sample_220,sample_221,sample_222,sample_223,sample_224,sample_225,sample_226,sample_227,sample_228,sample_229,sample_230,sample_231,sample_232,sample_233,sample_234,sample_235,sample_236,sample_237,sample_238,sample_239,sample_240,sample_241,sample_242,sample_243,sample_244,sample_245,sample_246,sample_247,sample_248,sample_249,sample_250,sample_251,sample_252,sample_253,sample_254,sample_255,sample_256,sample_257,sample_258,sample_259,sample_260,sample_261,sample_262,sample_263,sample_264,sample_265,sample_266,sample_267,sample_268,sample_269,sample_270,sample_271,sample_272,sample_273,sample_274,sample_275,sample_276,sample_277,sample_278,sample_279,sample_280,sample_281,sample_282,sample_283,sample_284,sample_285,sample_286,sample_287,sample_288,sample_289,sample_290,sample_291,sample_292,sample_293,sample_294,sample_295,sample_296,sample_297,sample_298,sample_299,sample_300,sample_301,sample_302,sample_303,sample_304,sample_305,sample_306,sample_307,sample_308,sample_309,sample_310,sample_311,sample_312,sample_313,sample_314,sample_315,sample_316,sample_317,sample_318,sample_319,sample_320,sample_321,sample_322,sample_323,sample_324,sample_325,sample_326,sample_327,sample_328,sample_329,sample_330,sample_331,sample_332,sample_333,sample_334,sample_335,sample_336,sample_337,sample_338,sample_339,sample_340,sample_341,sample_342,sample_343,sample_344,sample_345,sample_346,sample_347,sample_348,sample_349,sample_350,sample_351,sample_352,sample_353,sample_354,sample_355,sample_356,sample_357,sample_358,sample_359,label
L,-0.165,-0.15,-0.16,-0.18,-0.185,-0.18,-0.17,-0.16,-0.165,-0.18,-0.2,-0.175,-0.17,-0.175,-0.17,-0.2,-0.2,-0.195,-0.175,-0.17,-0.18,-0.195,-0.185,-0.195,-0.195,-0.175,-0.175,-0.195,-0.195,-0.19,-0.175,-0.185,-0.195,-0.205,-0.205,-0.195,-0.18,-0.175,-0.19,-0.2,-0.205,-0.19,-0.185,-0.18,-0.19,-0.21,-0.225,-0.22,-0.205,-0.2,-0.2,-0.205,-0.23,-0.205,-0.185,-0.175,-0.195,-0.21,-0.215,-0.215,-0.205,-0.185,-0.19,-0.19,-0.205,-0.195,-0.185,-0.18,-0.18,-0.175,-0.17,-0.175,-0.15,-0.145,-0.15,-0.165,-0.16,-0.135,-0.115,-0.095,-0.1,-0.115,-0.125,-0.12,-0.11,-0.105,-0.125,-0.15,-0.16,-0.16,-0.14,-0.15,-0.155,-0.175,-0.18,-0.19,-0.185,-0.17,-0.19,-0.21,-0.205,-0.205,-0.195,-0.185,-0.19,-0.21,-0.23,-0.24,-0.22,-0.21,-0.215,-0.235,-0.25,-0.25,-0.235,-0.22,-0.235,-0.24,-0.26,-0.24,-0.24,-0.23,-0.25,-0.255,-0.25,-0.255,-0.235,-0.23,-0.235,-0.255,-0.26,-0.255,-0.235,-0.23,-0.245,-0.245,-0.25,-0.25,-0.225,-0.22,-0.22,-0.24,-0.24,-0.24,-0.22,-0.215,-0.22,-0.24,-0.235,-0.22,-0.2,-0.195,-0.19,-0.205,-0.19,-0.175,-0.14,-0.115,-0.095,-0.07,-0.015,0.04,0.12,0.17,0.205,0.19,0.19,0.155,0.095,0.035,-0.005,-0.005,0.055,0.165,0.29,0.42,0.54,0.63,0.7,0.75,0.765,0.725,0.62,0.505,0.395,0.315,0.24,0.135,0.01,-0.13,-0.265,-0.34,-0.39,-0.445,-0.48,-0.505,-0.505,-0.47,-0.405,-0.375,-0.35,-0.32,-0.315,-0.28,-0.28,-0.275,-0.27,-0.27,-0.29,-0.275,-0.26,-0.265,-0.24,-0.255,-0.27,-0.255,-0.245,-0.23,-0.235,-0.255,-0.265,-0.255,-0.24,-0.225,-0.24,-0.25,-0.255,-0.245,-0.215,-0.21,-0.21,-0.23,-0.22,-0.205,-0.185,-0.185,-0.185,-0.2,-0.185,-0.185,-0.16,-0.15,-0.165,-0.165,-0.17,-0.135,-0.115,-0.105,-0.105,-0.115,-0.11,-0.085,-0.065,-0.05,-0.05,-0.05,-0.05,-0.015,0.0,0.015,0.02,0.02,0.03,0.04,0.075,0.085,0.095,0.085,0.095,0.105,0.14,0.165,0.16,0.145,0.15,0.185,0.21,0.215,0.2,0.185,0.19,0.185,0.18,0.17,0.13,0.105,0.09,0.065,0.055,0.025,0.005,-0.025,-0.045,-0.06,-0.065,-0.06,-0.08,-0.115,-0.15,-0.135,-0.125,-0.13,-0.15,-0.16,-0.165,-0.18,-0.165,-0.155,-0.165,-0.185,-0.185,-0.175,-0.175,-0.165,-0.17,-0.185,-0.19,-0.19,-0.185,-0.18,-0.175,-0.195,-0.21,-0.195,-0.18,-0.175,-0.185,-0.205,-0.205,-0.18,-0.185,-0.18,-0.185,-0.195,-0.205,-0.19,-0.175,-0.17,-0.18,-0.195,-0.21,-0.19,-0.18,-0.185,-0.205,-0.205,-0.23,-0.2,-0.2,-0.2,-0.21,-0.215,-0.23,-0.21,-0.2,-0.19,-0.195,-0.21,-0.225,-0.205,0.0
N,-0.22,-0.21,-0.205,-0.235,-0.225,-0.235,-0.225,-0.225,-0.23,-0.24,-0.255,-0.255,-0.27,-0.255,-0.255,-0.26,-0.265,-0.275,-0.26,-0.245,-0.235,-0.23,-0.235,-0.25,-0.23,-0.21,-0.195,-0.19,-0.19,-0.195,-0.18,-0.16,-0.14,-0.14,-0.15,-0.135,-0.12,-0.115,-0.095,-0.095,-0.105,-0.1,-0.085,-0.07,-0.055,-0.05,-0.06,-0.05,-0.045,-0.03,-0.045,-0.055,-0.075,-0.09,-0.08,-0.07,-0.075,-0.09,-0.095,-0.105,-0.105,-0.11,-0.115,-0.115,-0.125,-0.15,-0.135,-0.13,-0.115,-0.12,-0.125,-0.14,-0.12,-0.11,-0.105,-0.1,-0.115,-0.11,-0.085,-0.08,-0.075,-0.08,-0.075,-0.075,-0.08,-0.065,-0.055,-0.07,-0.07,-0.075,-0.075,-0.06,-0.05,-0.06,-0.07,-0.07,-0.075,-0.06,-0.06,-0.06,-0.075,-0.085,-0.1,-0.08,-0.08,-0.085,-0.095,-0.105,-0.115,-0.1,-0.105,-0.12,-0.125,-0.145,-0.125,-0.12,-0.11,-0.115,-0.11,-0.13,-0.125,-0.12,-0.1,-0.105,-0.105,-0.11,-0.095,-0.09,-0.095,-0.1,-0.115,-0.105,-0.09,-0.08,-0.07,-0.09,-0.1,-0.1,-0.09,-0.075,-0.075,-0.08,-0.085,-0.085,-0.075,-0.065,-0.06,-0.075,-0.085,-0.09,-0.085,-0.075,-0.08,-0.1,-0.11,-0.115,-0.115,-0.11,-0.12,-0.115,-0.135,-0.13,-0.12,-0.1,-0.11,-0.1,-0.115,-0.115,-0.115,-0.11,-0.08,-0.025,0.06,0.175,0.33,0.495,0.625,0.785,0.93,1.07,1.145,1.135,1.07,0.935,0.725,0.44,0.195,0.045,-0.025,-0.07,-0.13,-0.145,-0.165,-0.175,-0.185,-0.215,-0.23,-0.255,-0.265,-0.26,-0.275,-0.265,-0.285,-0.3,-0.285,-0.28,-0.275,-0.285,-0.29,-0.305,-0.305,-0.305,-0.295,-0.29,-0.305,-0.3,-0.3,-0.3,-0.285,-0.29,-0.29,-0.295,-0.28,-0.27,-0.26,-0.27,-0.28,-0.275,-0.285,-0.265,-0.265,-0.265,-0.26,-0.27,-0.245,-0.24,-0.24,-0.245,-0.245,-0.25,-0.24,-0.235,-0.23,-0.225,-0.235,-0.245,-0.235,-0.235,-0.235,-0.245,-0.235,-0.255,-0.245,-0.235,-0.225,-0.225,-0.225,-0.225,-0.215,-0.185,-0.17,-0.175,-0.175,-0.16,-0.155,-0.13,-0.12,-0.125,-0.14,-0.145,-0.13,-0.125,-0.115,-0.115,-0.135,-0.12,-0.105,-0.095,-0.085,-0.09,-0.1,-0.1,-0.1,-0.09,-0.09,-0.1,-0.105,-0.1,-0.095,-0.1,-0.085,-0.1,-0.105,-0.11,-0.11,-0.105,-0.1,-0.11,-0.12,-0.135,-0.13,-0.13,-0.14,-0.14,-0.165,-0.18,-0.17,-0.155,-0.145,-0.15,-0.145,-0.15,-0.15,-0.125,-0.12,-0.11,-0.12,-0.12,-0.105,-0.09,-0.085,-0.09,-0.095,-0.11,-0.09,-0.09,-0.08,-0.075,-0.075,-0.085,-0.08,-0.085,-0.09,-0.09,-0.08,-0.09,-0.09,-0.08,-0.08,-0.07,-0.085,-0.1,-0.105,-0.085,-0.08,-0.085,-0.11,-0.115,-0.13,-0.125,-0.12,-0.115,-0.135,-0.135,-0.14,-0.135,-0.13,-0.125,-0.135,-0.125,0.0
N,-0.33,-0.34,-0.335,-0.32,-0.29,-0.29,-0.29,-0.295,-0.295,-0.28,-0.26,-0.245,-0.25,-0.26,-0.255,-0.255,-0.245,-0.225,-0.255,-0.285,-0.305,-0.315,-0.3,-0.32,-0.33,-0.365,-0.385,-0.36,-0.355,-0.37,-0.395,-0.41,-0.43,-0.41,-0.385,-0.38,-0.39,-0.39,-0.38,-0.37,-0.345,-0.325,-0.33,-0.35,-0.345,-0.32,-0.3,-0.3,-0.295,-0.29,-0.275,-0.24,-0.22,-0.225,-0.23,-0.235,-0.25,-0.23,-0.23,-0.22,-0.245,-0.225,-0.22,-0.21,-0.205,-0.21,-0.22,-0.23,-0.24,-0.215,-0.215,-0.21,-0.23,-0.235,-0.245,-0.23,-0.23,-0.24,-0.245,-0.255,-0.255,-0.26,-0.255,-0.265,-0.27,-0.27,-0.285,-0.28,-0.265,-0.275,-0.295,-0.325,-0.32,-0.33,-0.33,-0.34,-0.355,-0.365,-0.39,-0.38,-0.365,-0.385,-0.385,-0.4,-0.41,-0.42,-0.41,-0.405,-0.4,-0.415,-0.42,-0.405,-0.395,-0.39,-0.375,-0.375,-0.375,-0.35,-0.335,-0.345,-0.355,-0.365,-0.36,-0.335,-0.305,-0.285,-0.285,-0.295,-0.305,-0.28,-0.275,-0.265,-0.285,-0.285,-0.3,-0.295,-0.26,-0.255,-0.265,-0.28,-0.3,-0.28,-0.26,-0.26,-0.275,-0.285,-0.29,-0.275,-0.275,-0.27,-0.295,-0.29,-0.31,-0.29,-0.26,-0.26,-0.275,-0.295,-0.29,-0.29,-0.27,-0.27,-0.265,-0.265,-0.265,-0.245,-0.21,-0.2,-0.18,-0.13,-0.06,0.085,0.235,0.39,0.555,0.715,0.925,1.11,1.285,1.445,1.56,1.605,1.55,1.43,1.21,0.895,0.56,0.275,0.045,-0.1,-0.19,-0.26,-0.3,-0.325,-0.32,-0.315,-0.315,-0.33,-0.365,-0.385,-0.395,-0.41,-0.4,-0.395,-0.4,-0.41,-0.385,-0.36,-0.345,-0.35,-0.36,-0.385,-0.385,-0.38,-0.385,-0.37,-0.395,-0.395,-0.4,-0.385,-0.375,-0.37,-0.37,-0.4,-0.4,-0.38,-0.365,-0.37,-0.4,-0.42,-0.415,-0.395,-0.38,-0.38,-0.4,-0.405,-0.405,-0.39,-0.385,-0.39,-0.395,-0.41,-0.41,-0.385,-0.385,-0.395,-0.41,-0.41,-0.4,-0.405,-0.39,-0.405,-0.415,-0.42,-0.42,-0.405,-0.39,-0.39,-0.385,-0.385,-0.39,-0.39,-0.365,-0.375,-0.37,-0.39,-0.39,-0.375,-0.37,-0.365,-0.38,-0.385,-0.39,-0.375,-0.345,-0.36,-0.37,-0.385,-0.38,-0.365,-0.355,-0.335,-0.345,-0.33,-0.34,-0.32,-0.305,-0.325,-0.325,-0.345,-0.35,-0.34,-0.32,-0.305,-0.32,-0.34,-0.355,-0.345,-0.33,-0.325,-0.34,-0.35,-0.34,-0.33,-0.315,-0.32,-0.32,-0.35,-0.35,-0.33,-0.32,-0.32,-0.34,-0.345,-0.35,-0.315,-0.295,-0.3,-0.305,-0.31,-0.305,-0.265,-0.225,-0.18,-0.11,0.01,0.175,0.37,0.55,0.72,0.89,1.08,1.27,1.425,1.52,1.5,1.385,1.175,0.87,0.53,0.22,0.005,-0.15,-0.25,-0.33,-0.37,-0.36,-0.36,-0.375,-0.405,-0.425,-0.43,-0.425,-0.44,-0.45,-0.455,-0.445,-0.415,-0.4,-0.395,0.0
N,-0.475,-0.495,-0.5,-0.525,-0.545,-0.56,-0.575,-0.595,-0.635,-0.655,-0.705,-0.735,-0.765,-0.79,-0.805,-0.82,-0.83,-0.845,-0.85,-0.87,-0.885,-0.9,-0.915,-0.925,-0.95,-0.96,-0.96,-0.97,-0.95,-0.95,-0.955,-0.945,-0.975,-0.98,-0.995,-1.0,-1.015,-1.01,-1.02,-0.995,-0.995,-0.985,-0.985,-0.99,-0.98,-0.99,-0.99,-0.99,-1.0,-1.0,-0.99,-0.985,-0.975,-0.97,-0.965,-0.96,-0.955,-0.975,-0.955,-0.975,-0.965,-0.965,-0.95,-0.95,-0.93,-0.94,-0.91,-0.91,-0.91,-0.92,-0.925,-0.935,-0.925,-0.935,-0.94,-0.93,-0.925,-0.925,-0.915,-0.915,-0.93,-0.93,-0.935,-0.94,-0.97,-0.945,-0.955,-0.955,-0.95,-0.96,-0.945,-0.96,-0.96,-0.96,-0.965,-0.97,-0.985,-0.99,-0.975,-0.965,-0.955,-0.965,-0.96,-0.95,-0.965,-0.97,-0.99,-0.985,-1.0,-1.005,-1.0,-0.995,-0.995,-0.98,-0.98,-0.975,-0.97,-0.975,-0.975,-0.99,-0.985,-0.955,-0.935,-0.9,-0.87,-0.84,-0.815,-0.825,-0.805,-0.815,-0.83,-0.845,-0.86,-0.885,-0.89,-0.89,-0.895,-0.905,-0.905,-0.92,-0.94,-0.96,-0.995,-1.005,-1.025,-1.02,-1.02,-1.01,-1.0,-0.99,-0.98,-0.975,-0.98,-1.01,-1.02,-1.025,-1.03,-1.035,-1.04,-1.02,-1.005,-1.005,-0.97,-0.96,-0.97,-0.965,-0.98,-0.995,-1.04,-1.07,-1.09,-1.03,-0.92,-0.735,-0.455,-0.105,0.26,0.655,0.955,1.155,1.22,1.145,0.92,0.545,0.02,-0.535,-0.97,-1.19,-1.19,-1.065,-0.91,-0.785,-0.745,-0.775,-0.84,-0.9,-0.94,-0.955,-0.95,-0.96,-0.965,-0.965,-0.975,-0.99,-0.98,-0.995,-1.015,-1.005,-0.99,-0.99,-0.975,-0.975,-0.975,-0.99,-1.0,-0.995,-1.01,-1.025,-1.025,-1.02,-1.0,-0.995,-0.995,-0.98,-0.98,-1.0,-1.005,-1.01,-1.015,-1.025,-1.03,-1.025,-1.015,-1.005,-1.0,-0.995,-0.99,-1.0,-1.0,-1.01,-1.02,-1.005,-1.0,-0.99,-0.98,-0.97,-0.955,-0.96,-0.945,-0.93,-0.95,-0.96,-0.95,-0.945,-0.93,-0.925,-0.91,-0.905,-0.89,-0.88,-0.865,-0.84,-0.83,-0.82,-0.8,-0.795,-0.775,-0.765,-0.73,-0.72,-0.68,-0.66,-0.64,-0.625,-0.615,-0.61,-0.595,-0.58,-0.56,-0.545,-0.515,-0.495,-0.49,-0.475,-0.495,-0.48,-0.49,-0.495,-0.515,-0.515,-0.525,-0.535,-0.535,-0.55,-0.55,-0.575,-0.6,-0.635,-0.655,-0.7,-0.75,-0.78,-0.805,-0.815,-0.835,-0.86,-0.87,-0.89,-0.92,-0.94,-0.955,-0.975,-0.985,-0.99,-0.99,-0.995,-0.985,-0.995,-1.0,-1.015,-1.02,-1.04,-1.05,-1.05,-1.045,-1.05,-1.05,-1.04,-1.04,-1.03,-1.035,-1.035,-1.035,-1.035,-1.045,-1.055,-1.045,-1.04,-1.03,-1.025,-1.02,-1.01,-1.0,-0.99,-1.0,-1.02,-1.02,-1.03,-1.02,-1.015,-1.0,-0.995,-0.97,-0.965,-0.955,-0.965,-0.96,-0.98,-0.99,-0.99,0.0
L,-0.195,-0.19,-0.17,-0.175,-0.185,-0.19,-0.18,-0.175,-0.18,-0.2,-0.205,-0.195,-0.19,-0.175,-0.195,-0.205,-0.21,-0.21,-0.17,-0.17,-0.2,-0.205,-0.21,-0.21,-0.205,-0.195,-0.195,-0.2,-0.22,-0.205,-0.195,-0.2,-0.225,-0.23,-0.23,-0.22,-0.205,-0.2,-0.225,-0.245,-0.245,-0.22,-0.2,-0.195,-0.2,-0.215,-0.23,-0.23,-0.225,-0.215,-0.22,-0.22,-0.23,-0.215,-0.215,-0.215,-0.22,-0.225,-0.225,-0.215,-0.2,-0.2,-0.2,-0.225,-0.23,-0.215,-0.205,-0.195,-0.2,-0.2,-0.2,-0.205,-0.22,-0.21,-0.195,-0.2,-0.215,-0.21,-0.21,-0.195,-0.21,-0.21,-0.22,-0.215,-0.195,-0.185,-0.21,-0.225,-0.225,-0.215,-0.2,-0.195,-0.205,-0.19,-0.19,-0.175,-0.155,-0.14,-0.145,-0.15,-0.15,-0.15,-0.13,-0.14,-0.155,-0.165,-0.17,-0.165,-0.13,-0.125,-0.12,-0.125,-0.13,-0.135,-0.145,-0.13,-0.135,-0.14,-0.15,-0.135,-0.125,-0.15,-0.16,-0.175,-0.19,-0.17,-0.175,-0.175,-0.2,-0.225,-0.24,-0.235,-0.235,-0.255,-0.23,-0.255,-0.235,-0.23,-0.215,-0.21,-0.22,-0.245,-0.265,-0.235,-0.23,-0.225,-0.24,-0.24,-0.245,-0.245,-0.225,-0.215,-0.225,-0.22,-0.235,-0.23,-0.215,-0.21,-0.21,-0.225,-0.235,-0.23,-0.205,-0.15,-0.065,0.035,0.13,0.21,0.32,0.425,0.495,0.545,0.595,0.69,0.82,1.005,1.205,1.42,1.605,1.765,1.85,1.875,1.805,1.635,1.39,1.085,0.785,0.535,0.35,0.22,0.155,0.14,0.165,0.175,0.19,0.205,0.205,0.21,0.185,0.175,0.13,0.095,0.05,0.035,0.03,0.02,-0.01,-0.05,-0.105,-0.14,-0.17,-0.18,-0.21,-0.245,-0.26,-0.28,-0.29,-0.3,-0.34,-0.375,-0.39,-0.38,-0.375,-0.36,-0.395,-0.415,-0.43,-0.42,-0.41,-0.41,-0.41,-0.43,-0.425,-0.44,-0.435,-0.425,-0.435,-0.455,-0.45,-0.45,-0.44,-0.44,-0.45,-0.46,-0.475,-0.48,-0.45,-0.445,-0.45,-0.49,-0.495,-0.49,-0.49,-0.47,-0.49,-0.495,-0.505,-0.5,-0.495,-0.485,-0.5,-0.525,-0.545,-0.525,-0.515,-0.53,-0.535,-0.565,-0.575,-0.57,-0.56,-0.565,-0.57,-0.58,-0.595,-0.6,-0.58,-0.585,-0.585,-0.6,-0.595,-0.595,-0.57,-0.56,-0.565,-0.585,-0.595,-0.57,-0.56,-0.555,-0.535,-0.535,-0.505,-0.495,-0.465,-0.45,-0.43,-0.41,-0.4,-0.365,-0.355,-0.355,-0.33,-0.335,-0.32,-0.295,-0.255,-0.235,-0.22,-0.235,-0.235,-0.21,-0.185,-0.185,-0.18,-0.205,-0.21,-0.22,-0.2,-0.18,-0.19,-0.19,-0.2,-0.21,-0.185,-0.165,-0.2,-0.21,-0.22,-0.21,-0.2,-0.185,-0.19,-0.2,-0.235,-0.22,-0.205,-0.205,-0.195,-0.225,-0.22,-0.23,-0.21,-0.235,-0.225,-0.225,-0.25,-0.24,-0.22,-0.2,-0.22,-0.23,-0.24,-0.25,-0.215,-0.215,-0.215,-0.235,-0.23,-0.23,0.0
N,0.005,-0.08,-0.155,-0.18,-0.165,-0.15,-0.16,-0.195,-0.255,-0.275,-0.255,-0.185,-0.155,-0.22,-0.33,-0.405,-0.43,-0.39,-0.335,-0.295,-0.27,-0.25,-0.23,-0.195,-0.2,-0.205,-0.225,-0.22,-0.22,-0.195,-0.175,-0.17,-0.205,-0.285,-0.355,-0.355,-0.305,-0.255,-0.265,-0.3,-0.29,-0.255,-0.23,-0.245,-0.3,-0.315,-0.32,-0.275,-0.2,-0.1,-0.08,-0.155,-0.28,-0.37,-0.37,-0.345,-0.28,-0.255,-0.26,-0.27,-0.285,-0.315,-0.325,-0.32,-0.285,-0.26,-0.24,-0.255,-0.26,-0.265,-0.29,-0.3,-0.25,-0.18,-0.13,-0.16,-0.205,-0.195,-0.16,-0.17,-0.205,-0.23,-0.21,-0.155,-0.135,-0.18,-0.27,-0.325,-0.34,-0.335,-0.285,-0.22,-0.205,-0.275,-0.3,-0.26,-0.205,-0.185,-0.2,-0.2,-0.21,-0.215,-0.22,-0.235,-0.26,-0.245,-0.185,-0.125,-0.09,-0.185,-0.345,-0.47,-0.42,-0.325,-0.195,-0.14,-0.195,-0.305,-0.375,-0.305,-0.215,-0.18,-0.195,-0.26,-0.28,-0.285,-0.25,-0.185,-0.15,-0.19,-0.21,-0.195,-0.185,-0.195,-0.175,-0.14,-0.115,-0.11,-0.135,-0.235,-0.34,-0.36,-0.285,-0.22,-0.17,-0.15,-0.17,-0.21,-0.24,-0.205,-0.145,-0.12,-0.16,-0.16,-0.115,-0.14,-0.225,-0.225,-0.135,-0.09,-0.17,-0.265,-0.225,-0.13,-0.04,0.04,0.21,0.385,0.495,0.54,0.53,0.52,0.55,0.69,0.895,1.04,1.075,1.075,1.16,1.36,1.5,1.425,1.185,0.925,0.825,0.745,0.67,0.485,0.21,-0.05,-0.235,-0.34,-0.39,-0.43,-0.445,-0.415,-0.42,-0.41,-0.42,-0.435,-0.435,-0.4,-0.38,-0.34,-0.335,-0.405,-0.505,-0.545,-0.56,-0.55,-0.53,-0.555,-0.6,-0.635,-0.63,-0.625,-0.625,-0.585,-0.55,-0.53,-0.51,-0.5,-0.505,-0.525,-0.535,-0.485,-0.43,-0.435,-0.485,-0.495,-0.46,-0.385,-0.32,-0.32,-0.34,-0.395,-0.4,-0.33,-0.245,-0.23,-0.29,-0.35,-0.33,-0.23,-0.14,-0.16,-0.24,-0.305,-0.29,-0.23,-0.155,-0.105,-0.07,-0.115,-0.235,-0.25,-0.16,-0.075,-0.07,-0.09,-0.055,0.01,0.015,-0.01,-0.035,-0.095,-0.205,-0.255,-0.17,-0.065,-0.07,-0.195,-0.33,-0.355,-0.3,-0.265,-0.225,-0.225,-0.265,-0.315,-0.31,-0.275,-0.235,-0.18,-0.12,-0.12,-0.21,-0.285,-0.28,-0.265,-0.205,-0.175,-0.205,-0.25,-0.285,-0.255,-0.16,-0.1,-0.085,-0.15,-0.225,-0.315,-0.35,-0.325,-0.255,-0.165,-0.11,-0.105,-0.115,-0.14,-0.15,-0.14,-0.125,-0.175,-0.25,-0.25,-0.195,-0.1,-0.07,-0.14,-0.215,-0.215,-0.19,-0.125,-0.055,0.02,0.125,0.23,0.285,0.32,0.33,0.275,0.23,0.23,0.365,0.605,0.83,1.0,1.085,1.18,1.335,1.44,1.435,1.305,1.145,1.02,0.935,0.87,0.69,0.41,0.17,0.0,-0.17,-0.35,-0.405,-0.385,-0.37,-0.375,-0.35,-0.315,0.0
N,-0.825,-0.82,-0.825,-0.835,-0.835,-0.835,-0.85,-0.86,-0.855,-0.85,-0.84,-0.83,-0.82,-0.815,-0.82,-0.825,-0.83,-0.83,-0.84,-0.84,-0.835,-0.83,-0.825,-0.82,-0.8,-0.815,-0.81,-0.81,-0.81,-0.82,-0.82,-0.825,-0.83,-0.825,-0.815,-0.81,-0.8,-0.795,-0.79,-0.805,-0.815,-0.815,-0.815,-0.83,-0.825,-0.82,-0.805,-0.81,-0.79,-0.785,-0.79,-0.795,-0.79,-0.795,-0.8,-0.82,-0.81,-0.805,-0.805,-0.785,-0.785,-0.785,-0.785,-0.795,-0.805,-0.8,-0.81,-0.81,-0.82,-0.805,-0.8,-0.785,-0.785,-0.77,-0.78,-0.79,-0.795,-0.805,-0.815,-0.81,-0.805,-0.8,-0.785,-0.78,-0.775,-0.775,-0.77,-0.78,-0.79,-0.795,-0.81,-0.805,-0.82,-0.805,-0.81,-0.8,-0.785,-0.785,-0.78,-0.79,-0.8,-0.8,-0.815,-0.81,-0.815,-0.815,-0.8,-0.795,-0.785,-0.785,-0.79,-0.785,-0.8,-0.8,-0.8,-0.795,-0.79,-0.775,-0.745,-0.74,-0.735,-0.715,-0.73,-0.72,-0.72,-0.725,-0.73,-0.73,-0.72,-0.73,-0.715,-0.715,-0.715,-0.705,-0.72,-0.72,-0.705,-0.725,-0.735,-0.74,-0.74,-0.745,-0.74,-0.735,-0.725,-0.72,-0.74,-0.745,-0.765,-0.79,-0.805,-0.815,-0.805,-0.8,-0.795,-0.79,-0.785,-0.78,-0.775,-0.775,-0.775,-0.79,-0.78,-0.785,-0.78,-0.775,-0.765,-0.715,-0.645,-0.555,-0.46,-0.35,-0.255,-0.15,-0.05,0.025,0.105,0.15,0.195,0.225,0.25,0.25,0.19,0.11,0.02,-0.07,-0.165,-0.245,-0.34,-0.435,-0.515,-0.585,-0.63,-0.665,-0.71,-0.76,-0.78,-0.79,-0.815,-0.8,-0.79,-0.775,-0.765,-0.75,-0.755,-0.755,-0.76,-0.755,-0.76,-0.755,-0.765,-0.775,-0.77,-0.77,-0.76,-0.755,-0.75,-0.745,-0.75,-0.745,-0.755,-0.76,-0.765,-0.77,-0.77,-0.755,-0.765,-0.735,-0.725,-0.72,-0.71,-0.72,-0.725,-0.735,-0.74,-0.745,-0.74,-0.73,-0.715,-0.71,-0.71,-0.705,-0.705,-0.705,-0.71,-0.725,-0.725,-0.715,-0.72,-0.715,-0.705,-0.695,-0.68,-0.68,-0.685,-0.68,-0.68,-0.69,-0.69,-0.69,-0.675,-0.675,-0.655,-0.65,-0.65,-0.64,-0.635,-0.645,-0.645,-0.645,-0.65,-0.665,-0.645,-0.64,-0.635,-0.63,-0.615,-0.62,-0.625,-0.635,-0.625,-0.64,-0.65,-0.66,-0.66,-0.665,-0.665,-0.665,-0.66,-0.665,-0.665,-0.685,-0.69,-0.71,-0.72,-0.75,-0.75,-0.765,-0.755,-0.76,-0.77,-0.765,-0.785,-0.795,-0.795,-0.81,-0.835,-0.83,-0.835,-0.84,-0.84,-0.83,-0.82,-0.815,-0.82,-0.82,-0.83,-0.85,-0.86,-0.855,-0.85,-0.855,-0.85,-0.83,-0.82,-0.82,-0.825,-0.82,-0.83,-0.845,-0.855,-0.865,-0.86,-0.855,-0.84,-0.855,-0.84,-0.83,-0.85,-0.85,-0.855,-0.855,-0.855,-0.87,-0.875,-0.88,-0.865,-0.87,-0.86,-0.855,-0.875,-0.855,-0.87,-0.875,-0.88,-0.88,-0.885,-0.895,-0.885,-0.89,0.0
N,-1.025,-1.015,-1.025,-1.045,-1.04,-1.04,-1.045,-1.045,-1.035,-1.035,-1.025,-1.015,-0.995,-1.0,-0.99,-1.0,-1.02,-1.04,-1.03,-1.035,-1.025,-1.035,-1.025,-0.995,-0.985,-0.995,-1.0,-0.995,-1.02,-1.025,-1.025,-1.03,-1.035,-1.025,-1.015,-1.01,-1.0,-0.985,-0.99,-1.005,-0.995,-1.0,-0.99,-1.0,-0.995,-1.0,-0.985,-0.975,-0.975,-0.975,-0.985,-0.97,-0.97,-0.985,-1.005,-1.02,-1.035,-1.02,-1.01,-1.0,-0.99,-0.985,-0.985,-0.995,-0.995,-1.0,-1.0,-1.0,-1.015,-1.015,-1.0,-0.99,-0.98,-0.98,-0.98,-0.97,-0.965,-0.975,-0.99,-1.005,-0.995,-1.005,-0.985,-0.985,-0.985,-0.96,-0.955,-0.95,-0.96,-0.965,-0.97,-0.975,-0.985,-0.97,-0.965,-0.96,-0.95,-0.94,-0.94,-0.945,-0.965,-0.965,-0.98,-0.975,-0.99,-0.98,-0.985,-0.95,-0.94,-0.96,-0.945,-0.95,-0.94,-0.945,-0.94,-0.955,-0.935,-0.91,-0.875,-0.84,-0.83,-0.785,-0.785,-0.775,-0.76,-0.74,-0.705,-0.655,-0.61,-0.595,-0.605,-0.595,-0.58,-0.59,-0.59,-0.595,-0.62,-0.645,-0.69,-0.755,-0.815,-0.87,-0.93,-0.95,-0.96,-0.96,-0.955,-0.975,-0.98,-1.01,-0.98,-0.995,-0.995,-0.99,-0.99,-0.965,-0.97,-0.945,-0.955,-0.955,-0.975,-0.97,-0.98,-0.975,-0.985,-0.985,-0.99,-0.985,-1.01,-1.02,-1.02,-0.97,-0.885,-0.73,-0.485,-0.165,0.21,0.615,0.94,1.17,1.28,1.3,1.19,0.945,0.54,0.035,-0.495,-0.93,-1.145,-1.155,-1.02,-0.875,-0.755,-0.695,-0.735,-0.805,-0.885,-0.95,-0.995,-1.02,-1.02,-1.005,-1.0,-0.995,-0.98,-0.98,-0.995,-1.0,-1.01,-1.01,-1.03,-1.04,-1.045,-1.04,-1.015,-1.0,-1.005,-1.01,-1.0,-1.015,-1.015,-1.03,-1.04,-1.04,-1.045,-1.04,-1.03,-1.01,-1.015,-1.01,-1.005,-1.005,-1.02,-1.03,-1.02,-1.035,-1.04,-1.04,-1.02,-1.005,-1.0,-0.995,-0.98,-0.98,-0.995,-0.99,-1.0,-1.0,-1.0,-1.0,-0.975,-0.975,-0.955,-0.945,-0.94,-0.935,-0.945,-0.94,-0.925,-0.94,-0.915,-0.9,-0.89,-0.875,-0.86,-0.835,-0.825,-0.835,-0.82,-0.81,-0.805,-0.785,-0.785,-0.76,-0.73,-0.71,-0.685,-0.675,-0.66,-0.655,-0.635,-0.64,-0.625,-0.625,-0.615,-0.61,-0.6,-0.56,-0.535,-0.52,-0.515,-0.485,-0.495,-0.485,-0.48,-0.495,-0.485,-0.47,-0.475,-0.47,-0.475,-0.495,-0.495,-0.51,-0.52,-0.56,-0.585,-0.605,-0.635,-0.665,-0.67,-0.69,-0.7,-0.705,-0.715,-0.745,-0.755,-0.78,-0.795,-0.815,-0.83,-0.84,-0.835,-0.845,-0.835,-0.835,-0.835,-0.84,-0.855,-0.845,-0.855,-0.875,-0.87,-0.865,-0.875,-0.85,-0.85,-0.835,-0.825,-0.83,-0.83,-0.825,-0.845,-0.85,-0.845,-0.855,-0.85,-0.835,-0.83,-0.825,-0.825,-0.835,-0.835,-0.84,-0.85,-0.87,-0.855,-0.85,-0.865,-0.845,0.0
N,-0.92,-0.935,-0.92,-0.92,-0.91,-0.89,-0.9,-0.91,-0.91,-0.91,-0.915,-0.92,-0.93,-0.92,-0.925,-0.915,-0.925,-0.905,-0.915,-0.92,-0.91,-0.905,-0.91,-0.905,-0.89,-0.88,-0.865,-0.865,-0.845,-0.835,-0.845,-0.82,-0.825,-0.815,-0.82,-0.81,-0.795,-0.77,-0.75,-0.725,-0.7,-0.67,-0.665,-0.65,-0.64,-0.625,-0.63,-0.62,-0.595,-0.585,-0.575,-0.555,-0.55,-0.545,-0.56,-0.55,-0.545,-0.55,-0.55,-0.555,-0.555,-0.55,-0.545,-0.56,-0.555,-0.545,-0.545,-0.56,-0.57,-0.58,-0.59,-0.58,-0.58,-0.585,-0.585,-0.57,-0.565,-0.565,-0.57,-0.58,-0.59,-0.595,-0.595,-0.605,-0.605,-0.595,-0.595,-0.58,-0.575,-0.575,-0.575,-0.58,-0.58,-0.6,-0.605,-0.61,-0.62,-0.61,-0.6,-0.585,-0.575,-0.57,-0.585,-0.57,-0.59,-0.61,-0.6,-0.605,-0.6,-0.605,-0.595,-0.595,-0.585,-0.585,-0.585,-0.575,-0.56,-0.555,-0.55,-0.55,-0.525,-0.535,-0.525,-0.51,-0.51,-0.51,-0.515,-0.515,-0.52,-0.525,-0.52,-0.51,-0.515,-0.515,-0.495,-0.505,-0.51,-0.495,-0.51,-0.53,-0.55,-0.575,-0.595,-0.605,-0.615,-0.62,-0.62,-0.625,-0.63,-0.635,-0.645,-0.65,-0.655,-0.66,-0.665,-0.67,-0.685,-0.67,-0.65,-0.65,-0.64,-0.635,-0.635,-0.64,-0.655,-0.655,-0.66,-0.66,-0.65,-0.645,-0.63,-0.61,-0.57,-0.52,-0.45,-0.355,-0.255,-0.13,-0.015,0.09,0.16,0.18,0.125,0.0,-0.165,-0.315,-0.495,-0.66,-0.845,-1.04,-1.2,-1.27,-1.27,-1.195,-1.13,-1.08,-1.045,-1.01,-0.96,-0.915,-0.875,-0.85,-0.825,-0.795,-0.78,-0.77,-0.76,-0.765,-0.76,-0.76,-0.76,-0.76,-0.77,-0.765,-0.78,-0.78,-0.79,-0.785,-0.78,-0.78,-0.77,-0.77,-0.765,-0.775,-0.78,-0.785,-0.79,-0.8,-0.8,-0.805,-0.8,-0.8,-0.795,-0.8,-0.795,-0.8,-0.81,-0.81,-0.83,-0.83,-0.82,-0.82,-0.83,-0.825,-0.81,-0.82,-0.83,-0.83,-0.83,-0.835,-0.85,-0.87,-0.87,-0.855,-0.86,-0.87,-0.85,-0.85,-0.845,-0.835,-0.845,-0.85,-0.855,-0.865,-0.865,-0.86,-0.86,-0.845,-0.835,-0.825,-0.82,-0.835,-0.835,-0.84,-0.85,-0.85,-0.835,-0.82,-0.805,-0.795,-0.785,-0.765,-0.765,-0.765,-0.76,-0.755,-0.73,-0.72,-0.69,-0.675,-0.64,-0.615,-0.595,-0.57,-0.56,-0.565,-0.555,-0.56,-0.545,-0.53,-0.53,-0.525,-0.515,-0.51,-0.51,-0.505,-0.52,-0.52,-0.535,-0.545,-0.555,-0.555,-0.56,-0.565,-0.565,-0.535,-0.545,-0.545,-0.545,-0.555,-0.565,-0.57,-0.56,-0.565,-0.57,-0.575,-0.57,-0.565,-0.565,-0.565,-0.585,-0.575,-0.58,-0.6,-0.6,-0.605,-0.59,-0.59,-0.6,-0.585,-0.575,-0.575,-0.575,-0.575,-0.585,-0.595,-0.605,-0.6,-0.595,-0.595,-0.59,-0.595,-0.59,-0.59,-0.59,-0.59,-0.59,-0.615,-0.61,-0.61,0.0
N,-0.195,-0.525,-0.8,-0.94,-0.915,-0.805,-0.705,-0.605,-0.535,-0.475,-0.415,-0.355,-0.315,-0.3,-0.295,-0.32,-0.325,-0.315,-0.275,-0.265,-0.26,-0.26,-0.265,-0.25,-0.255,-0.22,-0.22,-0.2,-0.215,-0.195,-0.18,-0.17,-0.145,-0.155,-0.175,-0.145,-0.115,-0.09,-0.085,-0.08,-0.085,-0.055,-0.01,0.02,0.02,0.02,0.005,0.025,0.055,0.08,0.075,0.075,0.05,0.05,0.08,0.105,0.1,0.085,0.075,0.085,0.095,0.1,0.095,0.085,0.06,0.05,0.05,0.06,0.05,0.01,-0.01,-0.03,-0.045,-0.055,-0.08,-0.105,-0.15,-0.16,-0.175,-0.16,-0.18,-0.205,-0.245,-0.23,-0.23,-0.24,-0.27,-0.285,-0.295,-0.3,-0.29,-0.28,-0.29,-0.31,-0.315,-0.315,-0.3,-0.29,-0.29,-0.305,-0.33,-0.325,-0.31,-0.285,-0.285,-0.295,-0.305,-0.29,-0.265,-0.255,-0.24,-0.255,-0.26,-0.25,-0.215,-0.185,-0.18,-0.185,-0.205,-0.21,-0.21,-0.21,-0.22,-0.245,-0.265,-0.28,-0.27,-0.265,-0.26,-0.275,-0.285,-0.26,-0.25,-0.265,-0.305,-0.325,-0.33,-0.325,-0.315,-0.305,-0.31,-0.33,-0.33,-0.32,-0.295,-0.29,-0.29,-0.305,-0.325,-0.31,-0.31,-0.285,-0.3,-0.3,-0.315,-0.31,-0.3,-0.295,-0.31,-0.32,-0.33,-0.31,-0.3,-0.275,-0.3,-0.305,-0.315,-0.32,-0.315,-0.315,-0.335,-0.36,-0.375,-0.335,-0.23,-0.095,0.055,0.195,0.365,0.545,0.675,0.73,0.65,0.465,0.27,0.085,-0.17,-0.485,-0.8,-0.99,-0.99,-0.85,-0.71,-0.6,-0.525,-0.455,-0.41,-0.37,-0.335,-0.315,-0.315,-0.32,-0.335,-0.305,-0.28,-0.26,-0.26,-0.27,-0.28,-0.255,-0.245,-0.23,-0.22,-0.22,-0.22,-0.215,-0.19,-0.16,-0.15,-0.135,-0.15,-0.125,-0.115,-0.08,-0.08,-0.065,-0.055,-0.03,0.005,0.03,0.035,0.045,0.05,0.075,0.1,0.115,0.12,0.12,0.115,0.11,0.125,0.13,0.135,0.125,0.11,0.105,0.115,0.11,0.09,0.055,0.01,-0.01,-0.025,-0.03,-0.06,-0.1,-0.135,-0.155,-0.175,-0.17,-0.2,-0.23,-0.26,-0.275,-0.275,-0.28,-0.285,-0.315,-0.335,-0.345,-0.33,-0.305,-0.3,-0.32,-0.345,-0.37,-0.34,-0.32,-0.32,-0.345,-0.355,-0.36,-0.335,-0.325,-0.335,-0.335,-0.34,-0.335,-0.33,-0.31,-0.315,-0.32,-0.325,-0.32,-0.3,-0.28,-0.275,-0.285,-0.28,-0.265,-0.23,-0.22,-0.235,-0.255,-0.265,-0.28,-0.27,-0.275,-0.28,-0.3,-0.32,-0.335,-0.32,-0.305,-0.315,-0.32,-0.34,-0.345,-0.355,-0.355,-0.365,-0.365,-0.375,-0.375,-0.36,-0.335,-0.35,-0.365,-0.375,-0.37,-0.37,-0.355,-0.365,-0.38,-0.37,-0.365,-0.345,-0.325,-0.33,-0.34,-0.365,-0.365,-0.365,-0.35,-0.37,-0.37,-0.37,-0.36,-0.35,-0.335,-0.335,-0.35,-0.355,-0.37,-0.35,-0.34,-0.33,-0.315,-0.215,-0.09,0.0
j,0.065,0.07,0.05,0.035,0.06,0.065,0.08,0.085,0.05,0.055,0.055,0.06,0.08,0.075,0.06,0.055,0.06,0.065,0.09,0.08,0.07,0.055,0.055,0.05,0.075,0.09,0.085,0.06,0.055,0.05,0.07,0.07,0.065,0.045,0.045,0.06,0.085,0.085,0.065,0.045,0.06,0.075,0.085,0.07,0.04,0.015,0.035,0.05,0.065,0.065,0.055,0.05,0.06,0.075,0.07,0.075,0.07,0.065,0.05,0.065,0.07,0.065,0.055,0.05,0.055,0.06,0.055,0.06,0.06,0.045,0.05,0.065,0.07,0.065,0.07,0.04,0.06,0.07,0.08,0.085,0.07,0.05,0.045,0.06,0.07,0.075,0.07,0.045,0.04,0.065,0.075,0.065,0.055,0.03,0.02,0.035,0.055,0.07,0.045,0.035,0.02,0.05,0.06,0.055,0.04,0.03,0.04,0.045,0.05,0.06,0.045,0.03,0.015,0.02,0.03,0.05,0.04,0.025,0.04,0.045,0.07,0.055,0.055,0.05,0.045,0.045,0.055,0.06,0.05,0.03,0.03,0.045,0.055,0.055,0.045,0.03,0.03,0.04,0.05,0.07,0.06,0.045,0.035,0.065,0.08,0.095,0.1,0.1,0.115,0.145,0.17,0.16,0.16,0.15,0.14,0.145,0.16,0.13,0.11,0.105,0.11,0.125,0.14,0.125,0.12,0.11,0.085,0.09,0.105,0.095,0.09,0.085,0.1,0.14,0.2,0.29,0.38,0.47,0.575,0.65,0.705,0.71,0.64,0.52,0.36,0.25,0.205,0.15,0.135,0.11,0.1,0.095,0.085,0.07,0.045,0.03,0.03,0.035,0.05,0.04,0.04,0.025,0.03,0.035,0.05,0.045,0.04,0.02,0.01,0.015,0.025,0.03,0.035,0.01,0.015,0.01,0.035,0.02,0.01,0.005,0.015,0.025,0.025,0.025,0.015,0.01,0.005,0.02,0.03,0.02,0.005,-0.015,-0.015,0.005,0.005,0.005,0.0,-0.015,-0.02,-0.01,-0.005,-0.02,-0.035,-0.05,-0.04,-0.03,-0.015,-0.04,-0.05,-0.06,-0.06,-0.055,-0.055,-0.045,-0.065,-0.075,-0.08,-0.075,-0.06,-0.065,-0.07,-0.095,-0.105,-0.09,-0.085,-0.085,-0.095,-0.115,-0.11,-0.11,-0.105,-0.11,-0.12,-0.14,-0.15,-0.155,-0.13,-0.16,-0.175,-0.195,-0.195,-0.19,-0.175,-0.185,-0.19,-0.21,-0.225,-0.225,-0.21,-0.22,-0.225,-0.235,-0.25,-0.23,-0.22,-0.23,-0.245,-0.25,-0.27,-0.255,-0.235,-0.235,-0.255,-0.27,-0.27,-0.275,-0.235,-0.24,-0.25,-0.26,-0.26,-0.26,-0.25,-0.245,-0.245,-0.255,-0.26,-0.245,-0.24,-0.225,-0.25,-0.26,-0.26,-0.245,-0.235,-0.23,-0.245,-0.255,-0.245,-0.24,-0.22,-0.22,-0.245,-0.24,-0.255,-0.255,-0.245,-0.245,-0.25,-0.26,-0.24,-0.22,-0.215,-0.215,-0.23,-0.23,-0.24,-0.235,-0.215,-0.225,-0.225,-0.23,-0.235,-0.25,-0.215,-0.21,-0.225,-0.25,-0.245,-0.225,1.0
a,-0.175,-0.185,-0.2,-0.205,-0.205,-0.19,-0.2,-0.2,-0.22,-0.215,-0.21,-0.2,-0.2,-0.205,-0.215,-0.215,-0.205,-0.205,-0.195,-0.2,-0.2,-0.21,-0.205,-0.195,-0.195,-0.195,-0.195,-0.195,-0.195,-0.195,-0.185,-0.185,-0.185,-0.18,-0.17,-0.165,-0.16,-0.165,-0.165,-0.17,-0.165,-0.145,-0.135,-0.125,-0.125,-0.12,-0.105,-0.095,-0.08,-0.07,-0.075,-0.06,-0.04,-0.02,-0.015,-0.01,-0.01,0.0,0.01,0.015,0.015,0.01,-0.01,-0.03,-0.04,-0.04,-0.035,-0.02,-0.015,-0.02,-0.005,0.02,0.025,0.025,0.025,0.015,0.015,0.03,0.035,0.04,0.03,0.035,0.045,0.045,0.05,0.03,0.02,0.005,0.01,0.01,0.0,-0.005,-0.02,-0.04,-0.05,-0.05,-0.055,-0.065,-0.08,-0.105,-0.11,-0.105,-0.12,-0.13,-0.135,-0.16,-0.15,-0.155,-0.16,-0.165,-0.175,-0.195,-0.175,-0.18,-0.18,-0.19,-0.2,-0.2,-0.195,-0.19,-0.19,-0.195,-0.195,-0.21,-0.2,-0.195,-0.185,-0.195,-0.205,-0.205,-0.21,-0.2,-0.185,-0.195,-0.195,-0.21,-0.2,-0.195,-0.185,-0.195,-0.195,-0.21,-0.18,-0.185,-0.18,-0.19,-0.19,-0.19,-0.185,-0.185,-0.17,-0.165,-0.165,-0.165,-0.155,-0.15,-0.09,-0.04,-0.005,0.035,0.06,0.125,0.155,0.19,0.205,0.18,0.14,0.095,0.08,0.075,0.085,0.095,0.115,0.15,0.185,0.2,0.21,0.22,0.23,0.25,0.255,0.245,0.215,0.16,0.115,0.08,0.03,-0.01,-0.045,-0.085,-0.085,-0.09,-0.12,-0.15,-0.175,-0.215,-0.22,-0.23,-0.225,-0.24,-0.24,-0.26,-0.255,-0.26,-0.27,-0.28,-0.29,-0.3,-0.295,-0.295,-0.29,-0.285,-0.3,-0.3,-0.295,-0.28,-0.275,-0.29,-0.29,-0.295,-0.295,-0.285,-0.29,-0.29,-0.3,-0.3,-0.28,-0.27,-0.26,-0.26,-0.265,-0.27,-0.28,-0.26,-0.25,-0.25,-0.25,-0.245,-0.245,-0.24,-0.225,-0.225,-0.235,-0.24,-0.225,-0.215,-0.22,-0.21,-0.215,-0.22,-0.205,-0.195,-0.185,-0.195,-0.2,-0.19,-0.175,-0.175,-0.17,-0.16,-0.17,-0.165,-0.15,-0.14,-0.12,-0.13,-0.125,-0.125,-0.115,-0.11,-0.085,-0.09,-0.085,-0.09,-0.07,-0.055,-0.055,-0.04,-0.035,-0.04,-0.02,-0.01,-0.005,-0.005,-0.02,-0.025,-0.03,-0.03,-0.035,-0.05,-0.065,-0.08,-0.08,-0.09,-0.105,-0.11,-0.135,-0.155,-0.165,-0.165,-0.17,-0.18,-0.2,-0.21,-0.215,-0.23,-0.22,-0.235,-0.245,-0.26,-0.255,-0.245,-0.255,-0.255,-0.265,-0.275,-0.27,-0.27,-0.27,-0.275,-0.28,-0.285,-0.28,-0.285,-0.275,-0.275,-0.27,-0.285,-0.28,-0.28,-0.27,-0.275,-0.29,-0.295,-0.3,-0.28,-0.28,-0.28,-0.3,-0.305,-0.29,-0.28,-0.275,-0.28,-0.285,-0.285,-0.285,-0.28,-0.285,-0.295,-0.3,-0.3,-0.29,-0.28,-0.285,-0.295,-0.29,-0.3,-0.295,-0.295,1.0
A,-0.115,-0.105,-0.1,-0.07,-0.05,-0.065,-0.05,-0.05,-0.03,-0.025,-0.02,-0.025,-0.01,0.015,0.015,0.035,0.035,0.025,0.03,0.025,0.025,0.035,0.055,0.055,0.06,0.07,0.075,0.06,0.065,0.045,0.025,0.015,-0.015,-0.03,-0.04,-0.045,-0.065,-0.07,-0.085,-0.085,-0.115,-0.135,-0.135,-0.155,-0.155,-0.16,-0.165,-0.17,-0.185,-0.19,-0.185,-0.185,-0.2,-0.215,-0.23,-0.235,-0.255,-0.27,-0.265,-0.26,-0.25,-0.225,-0.205,-0.2,-0.21,-0.22,-0.235,-0.245,-0.24,-0.235,-0.23,-0.245,-0.235,-0.235,-0.245,-0.245,-0.255,-0.245,-0.25,-0.25,-0.245,-0.25,-0.265,-0.265,-0.27,-0.28,-0.285,-0.28,-0.29,-0.3,-0.29,-0.305,-0.31,-0.325,-0.32,-0.3,-0.285,-0.285,-0.255,-0.245,-0.25,-0.25,-0.245,-0.235,-0.23,-0.23,-0.225,-0.225,-0.23,-0.22,-0.225,-0.22,-0.225,-0.235,-0.245,-0.255,-0.265,-0.26,-0.255,-0.245,-0.23,-0.22,-0.215,-0.22,-0.23,-0.23,-0.24,-0.255,-0.23,-0.23,-0.235,-0.225,-0.24,-0.245,-0.25,-0.245,-0.245,-0.25,-0.24,-0.245,-0.25,-0.245,-0.245,-0.225,-0.23,-0.225,-0.225,-0.23,-0.225,-0.22,-0.24,-0.235,-0.245,-0.25,-0.25,-0.245,-0.235,-0.245,-0.235,-0.23,-0.22,-0.21,-0.205,-0.215,-0.21,-0.215,-0.225,-0.225,-0.225,-0.215,-0.205,-0.175,-0.155,-0.135,-0.1,-0.055,0.025,0.11,0.205,0.295,0.4,0.465,0.45,0.335,0.115,-0.145,-0.365,-0.515,-0.575,-0.59,-0.55,-0.51,-0.47,-0.44,-0.405,-0.4,-0.41,-0.415,-0.44,-0.445,-0.43,-0.405,-0.36,-0.33,-0.315,-0.31,-0.325,-0.34,-0.35,-0.36,-0.365,-0.365,-0.34,-0.33,-0.31,-0.285,-0.26,-0.24,-0.215,-0.205,-0.205,-0.2,-0.205,-0.205,-0.21,-0.22,-0.22,-0.23,-0.23,-0.215,-0.21,-0.21,-0.21,-0.215,-0.225,-0.24,-0.23,-0.23,-0.22,-0.2,-0.195,-0.205,-0.19,-0.2,-0.205,-0.195,-0.2,-0.2,-0.215,-0.23,-0.23,-0.22,-0.205,-0.205,-0.195,-0.19,-0.19,-0.175,-0.175,-0.165,-0.15,-0.16,-0.15,-0.145,-0.145,-0.135,-0.125,-0.115,-0.115,-0.12,-0.115,-0.11,-0.105,-0.105,-0.085,-0.085,-0.065,-0.05,-0.035,-0.005,0.01,0.02,0.03,0.03,0.02,0.02,0.01,0.0,0.01,0.015,0.025,0.045,0.025,0.02,0.02,0.01,0.0,-0.02,-0.02,-0.03,-0.03,-0.045,-0.04,-0.045,-0.05,-0.065,-0.105,-0.13,-0.14,-0.165,-0.175,-0.185,-0.195,-0.21,-0.215,-0.22,-0.225,-0.24,-0.23,-0.245,-0.25,-0.25,-0.255,-0.275,-0.275,-0.26,-0.26,-0.255,-0.265,-0.27,-0.29,-0.3,-0.305,-0.305,-0.295,-0.3,-0.285,-0.275,-0.265,-0.26,-0.255,-0.265,-0.25,-0.275,-0.28,-0.285,-0.28,-0.27,-0.28,-0.265,-0.25,-0.25,-0.26,-0.275,-0.28,-0.3,-0.325,-0.32,-0.33,-0.31,1.0
J,-0.975,-0.985,-0.99,-0.98,-0.975,-0.97,-0.96,-0.955,-0.945,-0.945,-0.945,-0.955,-0.96,-0.97,-0.975,-0.97,-0.96,-0.965,-0.95,-0.935,-0.93,-0.935,-0.94,-0.93,-0.94,-0.95,-0.95,-0.95,-0.955,-0.94,-0.93,-0.925,-0.93,-0.925,-0.945,-0.945,-0.945,-0.935,-0.945,-0.94,-0.94,-0.94,-0.93,-0.92,-0.925,-0.93,-0.915,-0.92,-0.93,-0.925,-0.935,-0.935,-0.94,-0.93,-0.925,-0.915,-0.915,-0.915,-0.91,-0.92,-0.92,-0.93,-0.94,-0.94,-0.945,-0.93,-0.92,-0.915,-0.905,-0.92,-0.91,-0.92,-0.925,-0.935,-0.935,-0.945,-0.945,-0.94,-0.93,-0.92,-0.925,-0.93,-0.925,-0.96,-0.945,-0.955,-0.955,-0.96,-0.95,-0.96,-0.945,-0.935,-0.935,-0.93,-0.935,-0.945,-0.95,-0.955,-0.965,-0.965,-0.97,-0.955,-0.96,-0.935,-0.935,-0.93,-0.93,-0.935,-0.945,-0.94,-0.96,-0.965,-0.95,-0.945,-0.935,-0.93,-0.93,-0.945,-0.95,-0.955,-0.96,-0.975,-0.96,-0.96,-0.95,-0.955,-0.94,-0.935,-0.935,-0.94,-0.95,-0.955,-0.96,-0.965,-0.965,-0.96,-0.955,-0.94,-0.95,-0.94,-0.945,-0.94,-0.955,-0.955,-0.965,-0.96,-0.97,-0.97,-0.96,-0.95,-0.96,-0.96,-0.975,-0.985,-1.01,-1.02,-0.995,-0.95,-0.895,-0.835,-0.755,-0.72,-0.695,-0.71,-0.78,-0.885,-0.985,-1.015,-0.965,-0.82,-0.605,-0.365,-0.115,0.155,0.4,0.645,0.85,1.025,1.14,1.205,1.215,1.175,1.09,0.975,0.82,0.615,0.38,0.14,-0.095,-0.35,-0.59,-0.805,-0.995,-1.135,-1.235,-1.285,-1.285,-1.285,-1.27,-1.25,-1.225,-1.215,-1.215,-1.205,-1.2,-1.205,-1.205,-1.195,-1.195,-1.195,-1.185,-1.19,-1.2,-1.205,-1.215,-1.215,-1.215,-1.215,-1.225,-1.225,-1.22,-1.21,-1.21,-1.21,-1.205,-1.215,-1.215,-1.225,-1.235,-1.245,-1.24,-1.23,-1.23,-1.225,-1.225,-1.225,-1.225,-1.23,-1.24,-1.25,-1.245,-1.245,-1.25,-1.255,-1.26,-1.25,-1.25,-1.255,-1.245,-1.245,-1.265,-1.265,-1.28,-1.285,-1.285,-1.28,-1.28,-1.275,-1.275,-1.265,-1.265,-1.26,-1.265,-1.27,-1.28,-1.29,-1.295,-1.29,-1.295,-1.295,-1.28,-1.265,-1.265,-1.265,-1.26,-1.265,-1.27,-1.265,-1.275,-1.255,-1.265,-1.245,-1.23,-1.215,-1.19,-1.18,-1.18,-1.185,-1.175,-1.175,-1.165,-1.15,-1.13,-1.105,-1.09,-1.07,-1.055,-1.055,-1.045,-1.04,-1.035,-1.015,-1.015,-1.015,-0.99,-0.965,-0.96,-0.935,-0.915,-0.92,-0.9,-0.915,-0.925,-0.94,-0.94,-0.94,-0.945,-0.945,-0.945,-0.945,-0.965,-0.975,-0.99,-1.01,-1.035,-1.045,-1.06,-1.06,-1.065,-1.08,-1.1,-1.1,-1.125,-1.13,-1.15,-1.16,-1.17,-1.17,-1.185,-1.19,-1.185,-1.195,-1.19,-1.185,-1.185,-1.205,-1.205,-1.225,-1.23,-1.225,-1.225,-1.23,-1.225,-1.22,-1.205,-1.195,-1.195,-1.2,-1.185,-1.185,1.0
A,-0.175,-0.18,-0.165,-0.16,-0.155,-0.155,-0.165,-0.17,-0.14,-0.12,-0.125,-0.14,-0.17,-0.175,-0.155,-0.14,-0.135,-0.14,-0.125,-0.115,-0.1,-0.075,-0.08,-0.095,-0.085,-0.075,-0.07,-0.045,-0.03,-0.03,-0.02,-0.02,-0.01,0.01,0.01,0.01,0.02,0.035,0.025,0.01,-0.02,-0.02,-0.015,0.015,0.045,0.055,0.04,0.025,0.035,0.035,0.04,0.05,0.05,0.05,0.045,0.05,0.045,0.06,0.035,0.025,0.025,0.02,0.02,0.02,0.015,0.0,-0.02,-0.025,-0.04,-0.035,-0.045,-0.04,-0.035,-0.03,-0.035,-0.04,-0.07,-0.07,-0.055,-0.055,-0.06,-0.05,-0.045,-0.045,-0.07,-0.08,-0.09,-0.08,-0.08,-0.08,-0.095,-0.085,-0.075,-0.08,-0.1,-0.1,-0.095,-0.1,-0.085,-0.085,-0.07,-0.07,-0.065,-0.07,-0.04,-0.01,-0.005,-0.03,-0.085,-0.135,-0.155,-0.155,-0.165,-0.165,-0.16,-0.16,-0.145,-0.135,-0.13,-0.145,-0.14,-0.145,-0.14,-0.125,-0.13,-0.12,-0.125,-0.115,-0.09,-0.085,-0.105,-0.125,-0.16,-0.175,-0.155,-0.145,-0.16,-0.165,-0.17,-0.175,-0.16,-0.15,-0.145,-0.145,-0.155,-0.165,-0.16,-0.16,-0.16,-0.17,-0.18,-0.19,-0.19,-0.16,-0.15,-0.155,-0.165,-0.165,-0.16,-0.135,-0.125,-0.145,-0.155,-0.165,-0.17,-0.17,-0.155,-0.12,-0.07,0.005,0.095,0.215,0.33,0.425,0.495,0.58,0.675,0.8,0.915,1.03,1.11,1.145,1.09,1.005,0.885,0.725,0.455,0.1,-0.185,-0.33,-0.38,-0.405,-0.43,-0.41,-0.355,-0.315,-0.29,-0.295,-0.305,-0.3,-0.29,-0.27,-0.28,-0.29,-0.31,-0.305,-0.3,-0.28,-0.27,-0.24,-0.255,-0.265,-0.245,-0.24,-0.24,-0.23,-0.235,-0.235,-0.235,-0.23,-0.235,-0.235,-0.235,-0.24,-0.24,-0.22,-0.23,-0.225,-0.205,-0.205,-0.2,-0.205,-0.21,-0.22,-0.22,-0.22,-0.205,-0.175,-0.17,-0.165,-0.17,-0.19,-0.16,-0.145,-0.145,-0.15,-0.145,-0.125,-0.1,-0.055,-0.03,-0.01,-0.03,-0.055,-0.065,-0.06,-0.075,-0.065,-0.07,-0.065,-0.045,-0.045,-0.05,-0.07,-0.09,-0.09,-0.05,-0.01,0.01,0.02,-0.02,-0.015,0.0,0.035,0.04,0.025,-0.015,-0.035,-0.005,0.05,0.065,0.045,0.015,0.0,0.01,0.03,0.03,0.05,0.065,0.075,0.09,0.07,0.03,-0.01,-0.035,-0.075,-0.07,-0.055,-0.045,-0.03,-0.01,-0.015,-0.015,-0.005,0.0,0.03,0.05,0.065,0.04,-0.015,-0.07,-0.105,-0.125,-0.125,-0.1,-0.06,-0.06,-0.05,-0.06,-0.075,-0.095,-0.12,-0.14,-0.155,-0.165,-0.16,-0.145,-0.125,-0.12,-0.14,-0.16,-0.175,-0.17,-0.155,-0.135,-0.125,-0.12,-0.13,-0.125,-0.115,-0.105,-0.085,-0.045,0.005,0.05,0.045,-0.045,-0.19,-0.315,-0.36,-0.325,-0.26,-0.23,-0.225,-0.235,-0.235,-0.23,-0.23,-0.235,-0.235,1.0
A,-0.32,-0.3,-0.29,-0.285,-0.325,-0.31,-0.295,-0.28,-0.265,-0.26,-0.285,-0.29,-0.27,-0.265,-0.235,-0.235,-0.225,-0.21,-0.14,-0.075,0.015,0.095,0.17,0.27,0.41,0.53,0.635,0.69,0.725,0.71,0.685,0.6,0.435,0.255,0.13,0.045,-0.045,-0.16,-0.29,-0.37,-0.425,-0.455,-0.485,-0.5,-0.52,-0.545,-0.58,-0.625,-0.645,-0.65,-0.665,-0.645,-0.65,-0.615,-0.545,-0.445,-0.365,-0.32,-0.305,-0.295,-0.275,-0.255,-0.25,-0.265,-0.28,-0.295,-0.285,-0.27,-0.26,-0.25,-0.28,-0.285,-0.265,-0.255,-0.245,-0.255,-0.26,-0.285,-0.255,-0.24,-0.225,-0.22,-0.24,-0.235,-0.225,-0.205,-0.2,-0.18,-0.195,-0.19,-0.175,-0.175,-0.14,-0.135,-0.135,-0.14,-0.125,-0.095,-0.065,-0.065,-0.06,-0.055,-0.045,-0.005,0.015,0.03,0.03,0.04,0.06,0.09,0.115,0.12,0.135,0.14,0.165,0.195,0.205,0.21,0.21,0.21,0.21,0.225,0.22,0.2,0.17,0.15,0.135,0.13,0.11,0.08,0.04,0.015,-0.005,-0.02,-0.04,-0.065,-0.11,-0.125,-0.14,-0.145,-0.15,-0.18,-0.215,-0.235,-0.24,-0.23,-0.215,-0.255,-0.285,-0.3,-0.305,-0.285,-0.285,-0.295,-0.295,-0.31,-0.305,-0.3,-0.285,-0.285,-0.29,-0.305,-0.3,-0.285,-0.28,-0.275,-0.27,-0.275,-0.22,-0.165,-0.085,-0.015,0.09,0.21,0.39,0.65,0.935,1.165,1.35,1.5,1.62,1.68,1.65,1.495,1.21,0.865,0.52,0.24,-0.025,-0.24,-0.39,-0.43,-0.39,-0.325,-0.305,-0.32,-0.345,-0.36,-0.36,-0.35,-0.355,-0.375,-0.38,-0.415,-0.415,-0.395,-0.39,-0.415,-0.435,-0.445,-0.44,-0.43,-0.405,-0.435,-0.435,-0.44,-0.44,-0.42,-0.415,-0.4,-0.42,-0.435,-0.43,-0.41,-0.405,-0.405,-0.41,-0.42,-0.425,-0.405,-0.395,-0.4,-0.42,-0.425,-0.415,-0.38,-0.38,-0.375,-0.38,-0.385,-0.395,-0.37,-0.36,-0.365,-0.37,-0.39,-0.38,-0.36,-0.34,-0.345,-0.355,-0.36,-0.35,-0.33,-0.315,-0.315,-0.315,-0.32,-0.32,-0.28,-0.26,-0.255,-0.27,-0.27,-0.25,-0.225,-0.205,-0.21,-0.215,-0.235,-0.225,-0.22,-0.21,-0.225,-0.25,-0.26,-0.265,-0.285,-0.27,-0.29,-0.305,-0.345,-0.335,-0.335,-0.335,-0.345,-0.36,-0.37,-0.355,-0.34,-0.33,-0.34,-0.345,-0.36,-0.35,-0.345,-0.335,-0.34,-0.365,-0.37,-0.365,-0.35,-0.335,-0.345,-0.36,-0.365,-0.36,-0.35,-0.34,-0.345,-0.36,-0.36,-0.355,-0.345,-0.35,-0.335,-0.34,-0.345,-0.355,-0.345,-0.345,-0.34,-0.355,-0.365,-0.35,-0.35,-0.34,-0.335,-0.35,-0.375,-0.365,-0.36,-0.335,-0.345,-0.35,-0.385,-0.36,-0.355,-0.36,-0.375,-0.38,-0.38,-0.37,-0.365,-0.35,-0.355,-0.35,-0.37,-0.365,-0.355,-0.35,-0.345,-0.37,-0.38,-0.365,-0.36,-0.35,-0.37,-0.385,-0.385,1.0
A,-0.01,-0.015,-0.03,-0.015,0.015,0.015,0.0,-0.005,-0.005,0.02,0.03,0.03,0.035,0.025,0.025,0.035,0.055,0.07,0.065,0.05,0.06,0.085,0.085,0.09,0.11,0.1,0.105,0.095,0.115,0.125,0.12,0.1,0.105,0.125,0.125,0.12,0.11,0.1,0.09,0.08,0.1,0.08,0.075,0.05,0.04,0.05,0.05,0.035,0.025,0.0,-0.02,-0.015,-0.01,-0.02,-0.045,-0.06,-0.075,-0.065,-0.065,-0.055,-0.085,-0.09,-0.105,-0.1,-0.09,-0.08,-0.095,-0.115,-0.11,-0.115,-0.095,-0.07,-0.09,-0.09,-0.1,-0.09,-0.08,-0.08,-0.09,-0.09,-0.11,-0.095,-0.075,-0.08,-0.1,-0.09,-0.105,-0.09,-0.085,-0.075,-0.095,-0.095,-0.11,-0.09,-0.08,-0.08,-0.09,-0.09,-0.095,-0.095,-0.085,-0.07,-0.06,-0.085,-0.08,-0.07,-0.065,-0.07,-0.065,-0.09,-0.095,-0.08,-0.065,-0.065,-0.065,-0.08,-0.08,-0.055,-0.05,-0.025,-0.04,-0.04,-0.04,-0.045,-0.03,-0.015,-0.03,-0.06,-0.07,-0.09,-0.07,-0.06,-0.07,-0.09,-0.12,-0.11,-0.105,-0.105,-0.12,-0.125,-0.135,-0.12,-0.13,-0.125,-0.12,-0.13,-0.14,-0.14,-0.135,-0.14,-0.14,-0.135,-0.155,-0.145,-0.135,-0.125,-0.13,-0.14,-0.14,-0.13,-0.135,-0.14,-0.135,-0.155,-0.15,-0.12,-0.1,-0.08,-0.06,-0.055,-0.025,0.015,0.025,-0.03,-0.11,-0.18,-0.24,-0.32,-0.43,-0.52,-0.57,-0.545,-0.43,-0.22,-0.025,0.06,-0.035,-0.3,-0.48,-0.55,-0.46,-0.36,-0.255,-0.175,-0.125,-0.11,-0.07,-0.065,-0.075,-0.085,-0.08,-0.06,-0.045,-0.03,-0.035,-0.05,-0.04,-0.035,-0.015,-0.025,-0.015,-0.04,-0.03,-0.025,-0.01,-0.005,0.0,-0.005,-0.01,-0.01,0.005,0.0,0.0,-0.01,-0.005,0.015,0.01,0.03,0.015,0.0,0.0,0.02,0.01,0.03,0.03,0.03,0.025,0.035,0.04,0.055,0.045,0.03,0.035,0.03,0.06,0.075,0.07,0.065,0.06,0.045,0.06,0.08,0.1,0.095,0.1,0.115,0.125,0.14,0.145,0.13,0.135,0.155,0.175,0.195,0.19,0.19,0.195,0.21,0.24,0.27,0.27,0.275,0.265,0.29,0.305,0.3,0.29,0.275,0.25,0.265,0.295,0.285,0.28,0.25,0.24,0.225,0.22,0.195,0.165,0.135,0.12,0.1,0.095,0.085,0.065,0.04,0.01,0.005,0.005,-0.015,-0.03,-0.05,-0.065,-0.06,-0.055,-0.06,-0.075,-0.1,-0.1,-0.095,-0.09,-0.085,-0.105,-0.115,-0.115,-0.1,-0.1,-0.08,-0.09,-0.11,-0.095,-0.105,-0.1,-0.105,-0.105,-0.11,-0.105,-0.105,-0.09,-0.08,-0.085,-0.11,-0.125,-0.1,-0.075,-0.075,-0.08,-0.09,-0.1,-0.09,-0.075,-0.06,-0.065,-0.085,-0.075,-0.05,-0.015,-0.01,-0.005,-0.01,-0.045,-0.11,-0.235,-0.345,-0.46,-0.6,-0.735,-0.88,-0.985,-1.02,1.0
a,-0.305,-0.3,-0.285,-0.285,-0.3,-0.32,-0.31,-0.305,-0.3,-0.295,-0.295,-0.3,-0.295,-0.28,-0.265,-0.255,-0.265,-0.275,-0.27,-0.26,-0.245,-0.225,-0.23,-0.22,-0.175,-0.1,-0.045,-0.005,0.005,0.035,0.095,0.14,0.185,0.18,0.15,0.075,0.02,0.01,0.01,0.01,-0.005,-0.005,0.02,0.065,0.11,0.135,0.155,0.17,0.2,0.22,0.215,0.175,0.11,0.035,-0.025,-0.075,-0.115,-0.145,-0.175,-0.21,-0.23,-0.26,-0.28,-0.3,-0.325,-0.34,-0.34,-0.345,-0.335,-0.36,-0.37,-0.385,-0.385,-0.375,-0.38,-0.38,-0.385,-0.41,-0.405,-0.395,-0.385,-0.395,-0.4,-0.405,-0.4,-0.39,-0.385,-0.385,-0.39,-0.4,-0.395,-0.385,-0.38,-0.38,-0.41,-0.4,-0.395,-0.375,-0.375,-0.37,-0.37,-0.385,-0.38,-0.365,-0.355,-0.355,-0.355,-0.36,-0.355,-0.345,-0.34,-0.335,-0.335,-0.335,-0.325,-0.32,-0.31,-0.3,-0.3,-0.315,-0.305,-0.29,-0.28,-0.28,-0.275,-0.285,-0.275,-0.265,-0.255,-0.245,-0.245,-0.245,-0.24,-0.22,-0.205,-0.2,-0.2,-0.2,-0.185,-0.17,-0.15,-0.145,-0.14,-0.145,-0.135,-0.11,-0.095,-0.09,-0.085,-0.09,-0.08,-0.065,-0.05,-0.055,-0.055,-0.065,-0.07,-0.065,-0.065,-0.065,-0.085,-0.1,-0.105,-0.11,-0.115,-0.11,-0.12,-0.14,-0.13,-0.135,-0.105,-0.065,-0.01,0.03,0.08,0.135,0.185,0.225,0.255,0.275,0.3,0.295,0.265,0.21,0.15,0.14,0.155,0.165,0.17,0.175,0.17,0.165,0.18,0.18,0.18,0.17,0.165,0.155,0.145,0.115,0.065,0.0,-0.07,-0.125,-0.165,-0.2,-0.22,-0.25,-0.275,-0.3,-0.315,-0.34,-0.35,-0.375,-0.39,-0.4,-0.39,-0.385,-0.4,-0.42,-0.42,-0.435,-0.44,-0.43,-0.435,-0.44,-0.45,-0.46,-0.455,-0.445,-0.445,-0.45,-0.45,-0.465,-0.455,-0.45,-0.44,-0.45,-0.45,-0.46,-0.45,-0.44,-0.425,-0.435,-0.435,-0.44,-0.44,-0.435,-0.415,-0.42,-0.43,-0.445,-0.435,-0.415,-0.415,-0.425,-0.415,-0.435,-0.425,-0.42,-0.405,-0.405,-0.405,-0.435,-0.41,-0.405,-0.39,-0.395,-0.395,-0.405,-0.4,-0.39,-0.37,-0.365,-0.365,-0.37,-0.365,-0.35,-0.335,-0.325,-0.32,-0.315,-0.305,-0.285,-0.28,-0.26,-0.26,-0.26,-0.245,-0.245,-0.225,-0.215,-0.215,-0.21,-0.2,-0.2,-0.18,-0.185,-0.19,-0.215,-0.205,-0.2,-0.2,-0.2,-0.215,-0.24,-0.245,-0.245,-0.25,-0.255,-0.27,-0.285,-0.29,-0.295,-0.295,-0.31,-0.315,-0.33,-0.33,-0.335,-0.33,-0.34,-0.355,-0.36,-0.35,-0.34,-0.345,-0.35,-0.355,-0.37,-0.36,-0.36,-0.36,-0.355,-0.36,-0.37,-0.36,-0.35,-0.345,-0.34,-0.345,-0.36,-0.35,-0.345,-0.345,-0.345,-0.35,-0.365,-0.36,-0.355,-0.34,-0.345,-0.355,-0.37,-0.365,-0.35,-0.345,-0.35,-0.355,-0.36,1.0
A,-0.89,-0.96,-1.065,-1.22,-1.4,-1.49,-1.47,-1.38,-1.26,-1.16,-1.07,-0.975,-0.915,-0.83,-0.775,-0.725,-0.69,-0.66,-0.625,-0.53,-0.46,-0.405,-0.38,-0.385,-0.36,-0.315,-0.26,-0.235,-0.22,-0.205,-0.19,-0.17,-0.165,-0.16,-0.175,-0.19,-0.17,-0.145,-0.115,-0.125,-0.135,-0.125,-0.11,-0.09,-0.055,-0.035,-0.025,-0.02,-0.01,0.01,0.04,0.06,0.075,0.085,0.105,0.145,0.185,0.195,0.15,0.155,0.155,0.175,0.2,0.215,0.215,0.215,0.195,0.2,0.225,0.24,0.22,0.2,0.195,0.2,0.21,0.21,0.185,0.165,0.145,0.165,0.19,0.17,0.155,0.125,0.14,0.135,0.15,0.13,0.105,0.07,0.04,0.04,0.04,0.045,0.035,0.01,-0.03,-0.035,-0.04,-0.04,-0.06,-0.065,-0.075,-0.08,-0.07,-0.07,-0.09,-0.12,-0.12,-0.115,-0.105,-0.11,-0.15,-0.165,-0.17,-0.155,-0.14,-0.17,-0.2,-0.22,-0.215,-0.2,-0.2,-0.205,-0.215,-0.22,-0.225,-0.235,-0.22,-0.205,-0.215,-0.225,-0.245,-0.245,-0.245,-0.245,-0.24,-0.24,-0.255,-0.27,-0.28,-0.265,-0.285,-0.295,-0.28,-0.24,-0.24,-0.25,-0.28,-0.27,-0.255,-0.235,-0.235,-0.26,-0.28,-0.29,-0.255,-0.26,-0.265,-0.29,-0.29,-0.32,-0.345,-0.365,-0.38,-0.415,-0.43,-0.44,-0.46,-0.49,-0.565,-0.635,-0.72,-0.815,-0.89,-0.96,-1.045,-1.2,-1.375,-1.47,-1.44,-1.345,-1.28,-1.22,-1.145,-1.025,-0.92,-0.855,-0.79,-0.745,-0.725,-0.695,-0.62,-0.57,-0.515,-0.445,-0.415,-0.41,-0.375,-0.33,-0.285,-0.25,-0.25,-0.24,-0.215,-0.2,-0.195,-0.19,-0.18,-0.185,-0.18,-0.145,-0.105,-0.115,-0.13,-0.125,-0.11,-0.075,-0.065,-0.055,-0.05,-0.045,-0.045,-0.02,-0.005,0.015,0.02,0.025,0.045,0.075,0.115,0.125,0.14,0.135,0.16,0.18,0.205,0.205,0.215,0.215,0.22,0.25,0.265,0.295,0.29,0.285,0.285,0.29,0.29,0.295,0.265,0.24,0.225,0.225,0.235,0.225,0.2,0.175,0.165,0.165,0.17,0.145,0.125,0.095,0.09,0.09,0.095,0.09,0.075,0.045,0.035,0.03,0.035,0.025,0.005,-0.025,-0.04,-0.025,-0.025,-0.03,-0.05,-0.075,-0.105,-0.1,-0.095,-0.1,-0.125,-0.15,-0.145,-0.15,-0.14,-0.14,-0.155,-0.17,-0.175,-0.18,-0.16,-0.165,-0.18,-0.195,-0.22,-0.22,-0.21,-0.205,-0.215,-0.23,-0.245,-0.24,-0.225,-0.235,-0.25,-0.26,-0.27,-0.26,-0.25,-0.255,-0.26,-0.27,-0.28,-0.26,-0.25,-0.255,-0.26,-0.265,-0.275,-0.28,-0.275,-0.28,-0.285,-0.295,-0.3,-0.29,-0.27,-0.27,-0.29,-0.295,-0.285,-0.275,-0.265,-0.26,-0.26,-0.265,-0.275,-0.26,-0.26,-0.255,-0.26,-0.29,-0.305,-0.315,-0.335,-0.335,-0.35,-0.39,-0.425,-0.43,-0.44,-0.465,-0.53,-0.61,1.0
A,-0.065,-0.055,-0.045,-0.05,-0.035,-0.04,-0.06,-0.065,-0.06,-0.055,-0.04,-0.02,0.005,0.025,0.035,0.045,0.04,0.045,0.03,0.04,0.035,0.035,0.055,0.085,0.11,0.12,0.13,0.13,0.15,0.155,0.145,0.16,0.13,0.14,0.155,0.16,0.17,0.18,0.185,0.19,0.185,0.19,0.19,0.185,0.17,0.185,0.175,0.165,0.155,0.155,0.16,0.16,0.155,0.145,0.135,0.105,0.08,0.045,0.035,0.015,0.01,0.02,0.03,0.03,0.015,0.01,0.0,-0.02,-0.03,-0.05,-0.06,-0.055,-0.04,-0.035,-0.03,-0.03,-0.035,-0.045,-0.075,-0.095,-0.11,-0.135,-0.135,-0.1,-0.12,-0.085,-0.08,-0.07,-0.08,-0.065,-0.08,-0.07,-0.08,-0.08,-0.07,-0.07,-0.055,-0.05,-0.03,-0.025,-0.01,-0.005,-0.015,-0.015,-0.01,-0.025,-0.015,-0.015,-0.015,-0.015,0.0,0.0,0.015,0.015,0.02,0.015,0.015,0.01,0.0,-0.01,-0.015,-0.01,-0.01,0.0,0.005,0.01,0.015,0.005,-0.02,-0.025,-0.03,-0.025,-0.01,0.0,0.015,-0.005,-0.015,-0.02,-0.03,-0.045,-0.045,-0.05,-0.04,-0.035,-0.02,-0.015,-0.01,-0.02,-0.035,-0.02,-0.02,-0.02,-0.01,-0.015,-0.01,-0.02,-0.015,-0.02,-0.03,-0.025,-0.03,-0.025,-0.02,-0.03,-0.025,-0.03,-0.035,-0.02,-0.005,0.015,0.015,0.035,0.055,0.08,0.135,0.21,0.295,0.395,0.495,0.6,0.685,0.745,0.76,0.65,0.435,0.165,-0.095,-0.275,-0.385,-0.425,-0.4,-0.355,-0.33,-0.295,-0.27,-0.26,-0.28,-0.295,-0.315,-0.325,-0.305,-0.28,-0.245,-0.22,-0.22,-0.225,-0.23,-0.255,-0.255,-0.255,-0.26,-0.24,-0.22,-0.205,-0.16,-0.125,-0.09,-0.06,-0.04,-0.025,-0.015,-0.005,-0.01,-0.02,-0.04,-0.045,-0.035,-0.05,-0.045,-0.035,-0.05,-0.025,-0.03,-0.015,-0.015,-0.03,-0.025,-0.03,-0.035,-0.035,-0.02,-0.01,0.01,0.015,0.015,0.01,-0.02,-0.025,-0.035,-0.035,-0.045,-0.025,-0.01,0.005,0.015,0.03,0.035,0.02,0.03,0.035,0.045,0.05,0.06,0.065,0.08,0.09,0.1,0.125,0.115,0.13,0.135,0.14,0.135,0.155,0.18,0.195,0.22,0.245,0.26,0.27,0.28,0.28,0.285,0.285,0.275,0.265,0.265,0.26,0.26,0.245,0.265,0.25,0.24,0.22,0.215,0.21,0.2,0.165,0.15,0.145,0.125,0.11,0.11,0.085,0.065,0.05,0.025,0.015,0.015,-0.01,-0.005,-0.01,-0.025,-0.03,-0.025,-0.025,-0.03,-0.025,-0.04,-0.045,-0.055,-0.07,-0.07,-0.065,-0.065,-0.065,-0.055,-0.05,-0.06,-0.055,-0.07,-0.07,-0.07,-0.085,-0.07,-0.07,-0.06,-0.04,-0.04,-0.035,-0.04,-0.05,-0.07,-0.07,-0.085,-0.085,-0.08,-0.075,-0.075,-0.075,-0.075,-0.06,-0.05,-0.04,-0.05,-0.055,-0.065,-0.08,-0.08,-0.08,1.0
V,-0.74,-0.735,-0.715,-0.7,-0.7,-0.695,-0.69,-0.7,-0.69,-0.7,-0.685,-0.695,-0.685,-0.695,-0.685,-0.665,-0.66,-0.665,-0.685,-0.69,-0.695,-0.715,-0.73,-0.735,-0.74,-0.715,-0.705,-0.695,-0.7,-0.675,-0.675,-0.68,-0.675,-0.675,-0.67,-0.67,-0.665,-0.635,-0.615,-0.595,-0.58,-0.575,-0.55,-0.525,-0.505,-0.495,-0.475,-0.445,-0.42,-0.39,-0.355,-0.32,-0.295,-0.255,-0.235,-0.2,-0.2,-0.17,-0.16,-0.135,-0.12,-0.095,-0.085,-0.06,-0.04,-0.05,-0.03,-0.055,-0.07,-0.08,-0.095,-0.105,-0.115,-0.135,-0.15,-0.16,-0.17,-0.185,-0.2,-0.23,-0.25,-0.285,-0.31,-0.33,-0.345,-0.36,-0.37,-0.39,-0.385,-0.4,-0.41,-0.43,-0.44,-0.46,-0.48,-0.485,-0.485,-0.485,-0.49,-0.485,-0.47,-0.47,-0.465,-0.48,-0.495,-0.51,-0.515,-0.52,-0.515,-0.5,-0.495,-0.485,-0.475,-0.48,-0.47,-0.48,-0.485,-0.5,-0.515,-0.51,-0.505,-0.495,-0.485,-0.475,-0.46,-0.46,-0.465,-0.475,-0.48,-0.495,-0.5,-0.495,-0.51,-0.505,-0.485,-0.485,-0.485,-0.49,-0.49,-0.5,-0.515,-0.525,-0.515,-0.505,-0.515,-0.525,-0.505,-0.495,-0.485,-0.5,-0.48,-0.495,-0.5,-0.5,-0.505,-0.505,-0.495,-0.48,-0.455,-0.425,-0.39,-0.35,-0.315,-0.27,-0.22,-0.15,-0.085,-0.01,0.09,0.225,0.38,0.565,0.745,0.92,1.09,1.25,1.375,1.465,1.505,1.505,1.47,1.43,1.37,1.3,1.215,1.095,0.945,0.76,0.53,0.26,-0.005,-0.235,-0.415,-0.54,-0.63,-0.675,-0.69,-0.715,-0.73,-0.765,-0.765,-0.805,-0.835,-0.87,-0.88,-0.905,-0.915,-0.915,-0.925,-0.93,-0.945,-0.945,-0.95,-0.965,-0.97,-0.965,-0.98,-0.975,-0.98,-0.99,-0.99,-1.005,-1.01,-1.035,-1.05,-1.075,-1.085,-1.1,-1.11,-1.115,-1.105,-1.11,-1.11,-1.125,-1.12,-1.15,-1.16,-1.17,-1.185,-1.21,-1.235,-1.245,-1.25,-1.26,-1.255,-1.27,-1.3,-1.305,-1.33,-1.34,-1.36,-1.37,-1.365,-1.39,-1.395,-1.375,-1.385,-1.395,-1.395,-1.405,-1.41,-1.4,-1.39,-1.39,-1.38,-1.355,-1.345,-1.32,-1.31,-1.3,-1.29,-1.255,-1.235,-1.205,-1.185,-1.16,-1.125,-1.09,-1.055,-1.015,-0.985,-0.95,-0.91,-0.9,-0.875,-0.855,-0.835,-0.81,-0.79,-0.77,-0.76,-0.745,-0.73,-0.725,-0.725,-0.725,-0.715,-0.72,-0.73,-0.715,-0.715,-0.705,-0.695,-0.7,-0.685,-0.68,-0.685,-0.7,-0.69,-0.71,-0.7,-0.71,-0.705,-0.705,-0.705,-0.7,-0.695,-0.705,-0.7,-0.705,-0.715,-0.72,-0.74,-0.745,-0.74,-0.73,-0.72,-0.72,-0.705,-0.695,-0.685,-0.685,-0.685,-0.695,-0.7,-0.715,-0.73,-0.72,-0.715,-0.69,-0.65,-0.585,-0.49,-0.36,-0.225,-0.08,0.045,0.14,0.21,0.235,0.195,0.11,-0.02,-0.185,-0.35,-0.48,-0.61,-0.74,-0.88,-1.015,2.0
V,1.475,1.71,1.76,1.62,1.22,0.59,-0.05,-0.69,-1.33,-1.915,-2.005,-1.865,-1.63,-1.4,-1.235,-1.155,-1.175,-1.235,-1.31,-1.34,-1.385,-1.38,-1.355,-1.345,-1.34,-1.335,-1.355,-1.365,-1.355,-1.39,-1.37,-1.36,-1.345,-1.335,-1.305,-1.29,-1.285,-1.265,-1.26,-1.26,-1.265,-1.27,-1.265,-1.255,-1.255,-1.23,-1.205,-1.19,-1.185,-1.17,-1.175,-1.18,-1.165,-1.16,-1.145,-1.14,-1.11,-1.085,-1.05,-1.04,-1.025,-1.02,-1.025,-1.015,-1.0,-0.99,-0.975,-0.94,-0.915,-0.895,-0.875,-0.845,-0.835,-0.81,-0.795,-0.775,-0.77,-0.755,-0.735,-0.725,-0.705,-0.71,-0.685,-0.665,-0.66,-0.66,-0.655,-0.665,-0.67,-0.68,-0.685,-0.705,-0.715,-0.75,-0.75,-0.76,-0.765,-0.785,-0.815,-0.845,-0.885,-0.905,-0.94,-0.96,-0.985,-0.985,-0.995,-1.035,-1.05,-1.07,-1.1,-1.105,-1.115,-1.12,-1.12,-1.105,-1.095,-1.105,-1.11,-1.11,-1.115,-1.115,-1.095,-1.125,-1.125,-1.14,-1.135,-1.12,-1.11,-1.1,-1.06,-1.07,-1.075,-1.065,-1.075,-1.085,-1.065,-1.07,-1.07,-1.05,-1.035,-1.03,-1.015,-1.005,-1.0,-0.99,-0.98,-0.925,-0.89,-0.835,-0.765,-0.69,-0.61,-0.525,-0.46,-0.38,-0.33,-0.285,-0.23,-0.175,-0.105,0.005,0.15,0.29,0.455,0.63,0.815,1.0,1.185,1.37,1.52,1.69,1.845,1.985,2.12,2.24,2.345,2.415,2.48,2.51,2.525,2.51,2.47,2.405,2.295,2.03,1.545,0.905,0.265,-0.375,-0.98,-1.205,-1.3,-1.315,-1.325,-1.35,-1.39,-1.46,-1.525,-1.555,-1.595,-1.615,-1.605,-1.59,-1.58,-1.56,-1.54,-1.565,-1.57,-1.6,-1.645,-1.65,-1.665,-1.695,-1.69,-1.705,-1.71,-1.73,-1.75,-1.765,-1.795,-1.815,-1.85,-1.835,-1.83,-1.825,-1.825,-1.86,-1.875,-1.9,-1.935,-1.96,-1.98,-2.02,-2.045,-2.05,-2.075,-2.07,-2.075,-2.085,-2.11,-2.13,-2.155,-2.165,-2.18,-2.215,-2.225,-2.22,-2.22,-2.215,-2.195,-2.195,-2.185,-2.165,-2.155,-2.145,-2.115,-2.09,-2.05,-2.0,-1.945,-1.9,-1.85,-1.825,-1.78,-1.725,-1.705,-1.645,-1.595,-1.55,-1.5,-1.445,-1.395,-1.36,-1.31,-1.29,-1.275,-1.28,-1.265,-1.26,-1.26,-1.25,-1.245,-1.235,-1.215,-1.21,-1.2,-1.2,-1.205,-1.205,-1.21,-1.2,-1.195,-1.2,-1.2,-1.21,-1.19,-1.175,-1.17,-1.165,-1.185,-1.185,-1.195,-1.205,-1.2,-1.21,-1.205,-1.225,-1.215,-1.205,-1.205,-1.2,-1.215,-1.21,-1.21,-1.225,-1.205,-1.21,-1.21,-1.215,-1.21,-1.215,-1.215,-1.235,-1.255,-1.24,-1.23,-1.24,-1.24,-1.24,-1.24,-1.22,-1.22,-1.22,-1.205,-1.19,-1.21,-1.225,-1.24,-1.25,-1.245,-1.27,-1.25,-1.245,-1.235,-1.225,-1.205,-1.19,-1.215,-1.23,-1.245,-1.26,-1.255,-1.26,-1.26,-1.26,-1.245,-1.24,-1.225,-1.215,2.0
V,-0.22,-0.205,-0.175,-0.165,-0.17,-0.2,-0.24,-0.25,-0.255,-0.225,-0.235,-0.255,-0.26,-0.255,-0.265,-0.255,-0.23,-0.175,-0.125,-0.08,-0.02,0.095,0.215,0.315,0.41,0.495,0.61,0.72,0.845,1.01,1.155,1.245,1.265,1.295,1.355,1.415,1.43,1.405,1.38,1.32,1.185,0.995,0.835,0.705,0.57,0.37,0.12,-0.08,-0.2,-0.315,-0.41,-0.46,-0.495,-0.505,-0.515,-0.53,-0.51,-0.51,-0.535,-0.54,-0.575,-0.595,-0.59,-0.58,-0.57,-0.62,-0.64,-0.67,-0.645,-0.655,-0.655,-0.66,-0.66,-0.64,-0.625,-0.62,-0.63,-0.635,-0.645,-0.63,-0.61,-0.59,-0.595,-0.62,-0.645,-0.665,-0.645,-0.635,-0.655,-0.64,-0.625,-0.555,-0.52,-0.525,-0.545,-0.56,-0.565,-0.545,-0.53,-0.51,-0.495,-0.49,-0.495,-0.495,-0.49,-0.48,-0.45,-0.445,-0.4,-0.37,-0.33,-0.315,-0.29,-0.29,-0.285,-0.29,-0.27,-0.245,-0.235,-0.25,-0.26,-0.245,-0.23,-0.225,-0.255,-0.265,-0.28,-0.265,-0.245,-0.225,-0.22,-0.225,-0.24,-0.25,-0.245,-0.22,-0.245,-0.28,-0.295,-0.295,-0.275,-0.26,-0.285,-0.275,-0.285,-0.305,-0.295,-0.26,-0.23,-0.245,-0.26,-0.245,-0.22,-0.185,-0.175,-0.165,-0.09,-0.01,0.065,0.09,0.04,-0.045,-0.105,-0.16,-0.165,-0.11,-0.09,-0.155,-0.25,-0.365,-0.475,-0.585,-0.72,-0.83,-0.975,-1.12,-1.215,-1.245,-1.285,-1.31,-1.3,-1.3,-1.32,-1.345,-1.295,-1.19,-1.05,-0.915,-0.83,-0.79,-0.755,-0.685,-0.66,-0.625,-0.575,-0.55,-0.55,-0.515,-0.46,-0.38,-0.3,-0.27,-0.255,-0.235,-0.25,-0.255,-0.23,-0.215,-0.23,-0.25,-0.255,-0.22,-0.19,-0.185,-0.16,-0.145,-0.115,-0.115,-0.115,-0.075,-0.06,-0.03,-0.025,-0.03,0.01,0.06,0.07,0.07,0.085,0.115,0.17,0.23,0.26,0.275,0.305,0.345,0.365,0.385,0.39,0.425,0.48,0.5,0.515,0.545,0.575,0.61,0.645,0.68,0.74,0.8,0.815,0.82,0.795,0.8,0.81,0.825,0.795,0.735,0.7,0.665,0.63,0.57,0.535,0.495,0.445,0.395,0.35,0.29,0.235,0.16,0.09,0.06,0.085,0.065,0.02,-0.015,-0.065,-0.09,-0.115,-0.13,-0.16,-0.18,-0.205,-0.21,-0.195,-0.18,-0.195,-0.21,-0.205,-0.135,-0.04,0.055,0.105,0.105,0.05,0.005,-0.08,-0.145,-0.165,-0.15,-0.15,-0.165,-0.24,-0.375,-0.56,-0.735,-0.85,-0.935,-1.005,-1.075,-1.165,-1.205,-1.175,-1.09,-1.035,-1.045,-1.12,-1.185,-1.185,-1.145,-1.07,-0.975,-0.9,-0.89,-0.88,-0.84,-0.765,-0.695,-0.635,-0.61,-0.58,-0.52,-0.455,-0.4,-0.385,-0.39,-0.37,-0.34,-0.335,-0.305,-0.31,-0.265,-0.25,-0.225,-0.19,-0.16,-0.145,-0.145,-0.135,-0.1,-0.06,-0.035,-0.02,0.0,0.05,0.11,0.16,0.22,0.25,0.275,2.0
V,0.59,0.805,0.94,0.935,0.865,0.78,0.675,0.51,0.335,0.195,0.1,0.055,0.065,0.055,0.06,0.05,0.06,0.065,0.07,0.08,0.055,0.045,0.045,0.075,0.06,0.07,0.07,0.06,0.065,0.07,0.09,0.085,0.075,0.055,0.06,0.055,0.075,0.1,0.105,0.11,0.11,0.11,0.105,0.08,0.095,0.08,0.1,0.14,0.155,0.155,0.12,0.105,0.085,0.08,0.085,0.095,0.115,0.13,0.15,0.135,0.155,0.145,0.13,0.13,0.12,0.14,0.155,0.15,0.15,0.125,0.11,0.11,0.115,0.145,0.14,0.135,0.15,0.16,0.175,0.165,0.155,0.15,0.135,0.145,0.155,0.17,0.18,0.165,0.155,0.145,0.145,0.13,0.115,0.105,0.1,0.105,0.11,0.11,0.11,0.105,0.09,0.08,0.065,0.04,0.02,-0.01,-0.03,-0.02,-0.03,-0.035,-0.045,-0.08,-0.13,-0.13,-0.12,-0.13,-0.14,-0.14,-0.135,-0.12,-0.125,-0.14,-0.175,-0.195,-0.22,-0.215,-0.19,-0.185,-0.19,-0.22,-0.235,-0.22,-0.21,-0.22,-0.22,-0.22,-0.225,-0.22,-0.23,-0.245,-0.27,-0.275,-0.295,-0.27,-0.26,-0.25,-0.265,-0.265,-0.285,-0.28,-0.285,-0.295,-0.295,-0.305,-0.305,-0.305,-0.29,-0.28,-0.29,-0.29,-0.305,-0.295,-0.29,-0.28,-0.285,-0.295,-0.295,-0.265,-0.235,-0.21,-0.16,-0.125,-0.105,-0.045,0.015,0.06,0.095,0.09,0.065,0.03,0.02,0.015,0.015,-0.02,-0.095,-0.205,-0.37,-0.54,-0.7,-0.83,-0.945,-1.075,-1.2,-1.34,-1.425,-1.4,-1.33,-1.24,-1.2,-1.215,-1.285,-1.325,-1.335,-1.315,-1.3,-1.28,-1.245,-1.205,-1.13,-1.04,-0.93,-0.855,-0.81,-0.8,-0.81,-0.805,-0.75,-0.675,-0.605,-0.565,-0.525,-0.52,-0.495,-0.48,-0.465,-0.445,-0.415,-0.32,-0.225,-0.145,-0.09,-0.075,-0.095,-0.12,-0.115,-0.115,-0.13,-0.135,-0.125,-0.12,-0.11,-0.11,-0.11,-0.12,-0.125,-0.12,-0.115,-0.115,-0.11,-0.115,-0.13,-0.12,-0.1,-0.09,-0.07,-0.06,-0.055,-0.05,-0.035,-0.015,-0.01,-0.025,-0.02,-0.01,0.02,0.045,0.07,0.085,0.1,0.14,0.155,0.17,0.155,0.135,0.145,0.155,0.175,0.195,0.22,0.21,0.215,0.21,0.215,0.21,0.205,0.225,0.22,0.255,0.265,0.275,0.27,0.255,0.24,0.23,0.235,0.25,0.23,0.22,0.205,0.2,0.21,0.19,0.195,0.165,0.13,0.14,0.125,0.12,0.105,0.09,0.07,0.06,0.055,0.06,0.04,0.025,0.005,-0.005,-0.015,-0.005,-0.005,-0.03,-0.05,-0.06,-0.055,-0.065,-0.075,-0.09,-0.145,-0.145,-0.16,-0.165,-0.17,-0.185,-0.2,-0.17,-0.155,-0.155,-0.155,-0.185,-0.195,-0.205,-0.21,-0.225,-0.22,-0.235,-0.24,-0.23,-0.225,-0.225,-0.225,-0.25,-0.255,-0.26,-0.255,-0.245,-0.235,-0.25,-0.255,-0.25,2.0
V,-0.235,-0.235,-0.22,-0.19,-0.185,-0.205,-0.21,-0.215,-0.2,-0.185,-0.185,-0.195,-0.2,-0.2,-0.18,-0.165,-0.155,-0.16,-0.165,-0.145,-0.125,-0.11,-0.105,-0.105,-0.12,-0.125,-0.1,-0.06,-0.05,-0.045,-0.065,-0.045,-0.01,0.025,0.05,0.045,0.055,0.065,0.105,0.13,0.135,0.14,0.145,0.15,0.17,0.2,0.205,0.21,0.205,0.205,0.23,0.255,0.26,0.24,0.24,0.225,0.21,0.22,0.185,0.175,0.14,0.11,0.095,0.085,0.045,0.015,-0.02,-0.035,-0.035,-0.04,-0.08,-0.105,-0.13,-0.155,-0.175,-0.15,-0.17,-0.175,-0.2,-0.215,-0.205,-0.195,-0.2,-0.2,-0.23,-0.23,-0.22,-0.21,-0.215,-0.23,-0.25,-0.255,-0.24,-0.245,-0.235,-0.25,-0.27,-0.26,-0.245,-0.225,-0.215,-0.225,-0.24,-0.24,-0.22,-0.22,-0.205,-0.22,-0.23,-0.24,-0.22,-0.215,-0.2,-0.215,-0.23,-0.23,-0.22,-0.205,-0.195,-0.205,-0.225,-0.23,-0.215,-0.21,-0.2,-0.21,-0.235,-0.235,-0.225,-0.215,-0.215,-0.225,-0.24,-0.23,-0.21,-0.2,-0.195,-0.195,-0.205,-0.2,-0.18,-0.155,-0.15,-0.155,-0.155,-0.16,-0.13,-0.09,-0.1,-0.085,-0.08,-0.07,-0.06,-0.05,-0.045,-0.065,-0.08,-0.07,-0.035,0.01,0.055,0.085,0.11,0.16,0.22,0.305,0.375,0.43,0.48,0.53,0.575,0.645,0.695,0.73,0.805,0.89,0.975,1.055,1.13,1.21,1.3,1.385,1.405,1.42,1.355,1.29,1.23,1.195,1.155,1.125,1.1,1.09,1.075,1.055,1.085,1.105,1.105,1.125,1.145,1.175,1.185,1.16,1.05,0.9,0.7,0.455,0.22,-0.01,-0.195,-0.33,-0.425,-0.465,-0.495,-0.51,-0.53,-0.57,-0.615,-0.64,-0.635,-0.635,-0.635,-0.665,-0.685,-0.695,-0.68,-0.67,-0.67,-0.705,-0.71,-0.72,-0.71,-0.715,-0.735,-0.76,-0.78,-0.8,-0.795,-0.79,-0.8,-0.815,-0.845,-0.845,-0.84,-0.84,-0.825,-0.855,-0.9,-0.895,-0.89,-0.89,-0.9,-0.91,-0.92,-0.92,-0.92,-0.905,-0.91,-0.915,-0.93,-0.95,-0.925,-0.9,-0.885,-0.875,-0.895,-0.89,-0.855,-0.83,-0.815,-0.815,-0.81,-0.795,-0.75,-0.71,-0.67,-0.65,-0.625,-0.61,-0.56,-0.495,-0.45,-0.435,-0.415,-0.38,-0.355,-0.32,-0.295,-0.28,-0.285,-0.275,-0.245,-0.235,-0.225,-0.24,-0.25,-0.265,-0.245,-0.23,-0.235,-0.25,-0.275,-0.285,-0.28,-0.27,-0.275,-0.305,-0.315,-0.315,-0.305,-0.285,-0.275,-0.3,-0.3,-0.32,-0.31,-0.295,-0.29,-0.31,-0.32,-0.33,-0.32,-0.31,-0.305,-0.31,-0.32,-0.31,-0.31,-0.295,-0.285,-0.295,-0.305,-0.295,-0.285,-0.28,-0.275,-0.295,-0.295,-0.29,-0.27,-0.27,-0.26,-0.27,-0.275,-0.265,-0.25,-0.225,-0.22,-0.23,-0.25,-0.245,-0.24,-0.225,-0.23,-0.245,-0.255,-0.24,-0.22,-0.2,-0.21,-0.225,2.0
V,-0.95,-0.99,-1.025,-1.04,-1.055,-1.065,-1.07,-1.08,-1.075,-1.085,-1.09,-1.105,-1.09,-1.09,-1.09,-1.065,-1.065,-1.08,-1.09,-1.1,-1.105,-1.105,-1.11,-1.125,-1.115,-1.105,-1.09,-1.075,-1.085,-1.095,-1.11,-1.115,-1.115,-1.105,-1.11,-1.105,-1.09,-1.06,-1.065,-1.04,-1.045,-1.06,-1.065,-1.075,-1.08,-1.08,-1.08,-1.065,-1.05,-1.06,-1.025,-1.02,-1.025,-1.015,-1.02,-1.04,-1.03,-1.015,-1.015,-1.025,-1.005,-1.0,-0.955,-0.94,-0.935,-0.945,-0.93,-0.92,-0.92,-0.905,-0.9,-0.87,-0.86,-0.825,-0.8,-0.77,-0.75,-0.75,-0.755,-0.735,-0.745,-0.71,-0.705,-0.685,-0.665,-0.65,-0.63,-0.59,-0.58,-0.565,-0.565,-0.565,-0.57,-0.555,-0.55,-0.535,-0.52,-0.525,-0.525,-0.515,-0.54,-0.55,-0.565,-0.615,-0.635,-0.665,-0.665,-0.72,-0.725,-0.745,-0.77,-0.775,-0.8,-0.82,-0.855,-0.89,-0.915,-0.95,-0.95,-0.975,-0.95,-0.975,-0.985,-0.985,-0.99,-1.01,-1.015,-1.02,-1.035,-1.05,-1.04,-1.03,-1.045,-1.035,-1.02,-1.025,-1.02,-1.02,-1.035,-1.045,-1.05,-1.05,-1.06,-1.045,-1.03,-1.0,-0.985,-0.99,-0.99,-1.01,-1.005,-1.0,-0.985,-1.0,-1.005,-1.01,-1.0,-0.995,-0.985,-0.975,-0.975,-0.97,-0.935,-0.875,-0.8,-0.68,-0.545,-0.38,-0.195,-0.005,0.205,0.425,0.65,0.88,1.09,1.295,1.475,1.64,1.74,1.825,1.895,1.935,1.945,1.94,1.9,1.845,1.74,1.655,1.56,1.515,1.51,1.54,1.565,1.585,1.57,1.505,1.37,1.21,1.04,0.815,0.55,0.215,-0.15,-0.54,-0.87,-1.095,-1.18,-1.19,-1.18,-1.155,-1.16,-1.2,-1.255,-1.3,-1.355,-1.39,-1.405,-1.415,-1.42,-1.42,-1.44,-1.47,-1.485,-1.52,-1.51,-1.525,-1.545,-1.555,-1.54,-1.55,-1.55,-1.555,-1.58,-1.575,-1.6,-1.62,-1.635,-1.675,-1.685,-1.69,-1.7,-1.69,-1.695,-1.705,-1.715,-1.74,-1.745,-1.765,-1.8,-1.81,-1.8,-1.805,-1.795,-1.805,-1.805,-1.8,-1.835,-1.83,-1.86,-1.86,-1.88,-1.87,-1.865,-1.855,-1.845,-1.865,-1.89,-1.905,-1.94,-1.98,-2.015,-2.035,-2.05,-2.08,-2.11,-2.17,-2.205,-2.245,-2.29,-2.31,-2.355,-2.385,-2.395,-2.43,-2.405,-2.4,-2.39,-2.35,-2.315,-2.27,-2.23,-2.185,-2.135,-2.085,-2.045,-2.005,-1.955,-1.89,-1.83,-1.77,-1.73,-1.655,-1.585,-1.545,-1.5,-1.45,-1.42,-1.405,-1.38,-1.35,-1.34,-1.315,-1.31,-1.255,-1.25,-1.23,-1.23,-1.225,-1.23,-1.25,-1.255,-1.245,-1.255,-1.245,-1.225,-1.215,-1.22,-1.21,-1.215,-1.2,-1.225,-1.23,-1.22,-1.225,-1.22,-1.215,-1.21,-1.195,-1.19,-1.17,-1.175,-1.18,-1.185,-1.19,-1.2,-1.2,-1.205,-1.195,-1.2,-1.18,-1.165,-1.16,-1.155,-1.145,-1.15,-1.165,-1.16,-1.175,-1.18,-1.18,2.0
V,-1.0,-0.88,-0.75,-0.68,-0.685,-0.73,-0.78,-0.825,-0.87,-0.905,-0.92,-0.92,-0.915,-0.93,-0.94,-0.945,-0.93,-0.925,-0.92,-0.925,-0.95,-0.91,-0.925,-0.94,-0.93,-0.94,-0.955,-0.95,-0.945,-0.935,-0.93,-0.92,-0.945,-0.93,-0.935,-0.95,-0.955,-0.965,-0.97,-0.945,-0.93,-0.92,-0.935,-0.915,-0.91,-0.9,-0.9,-0.93,-0.935,-0.925,-0.93,-0.925,-0.935,-0.91,-0.89,-0.89,-0.88,-0.89,-0.89,-0.89,-0.885,-0.89,-0.89,-0.865,-0.84,-0.84,-0.82,-0.795,-0.805,-0.805,-0.8,-0.805,-0.795,-0.785,-0.77,-0.76,-0.72,-0.715,-0.69,-0.665,-0.67,-0.63,-0.61,-0.61,-0.6,-0.58,-0.56,-0.525,-0.52,-0.51,-0.465,-0.44,-0.43,-0.43,-0.405,-0.395,-0.41,-0.39,-0.39,-0.395,-0.385,-0.375,-0.38,-0.38,-0.395,-0.425,-0.46,-0.49,-0.53,-0.56,-0.61,-0.645,-0.645,-0.67,-0.685,-0.705,-0.725,-0.765,-0.79,-0.815,-0.83,-0.85,-0.87,-0.87,-0.88,-0.87,-0.865,-0.87,-0.885,-0.9,-0.895,-0.915,-0.92,-0.935,-0.93,-0.94,-0.915,-0.925,-0.915,-0.905,-0.91,-0.925,-0.935,-0.93,-0.92,-0.925,-0.94,-0.925,-0.905,-0.91,-0.89,-0.885,-0.87,-0.87,-0.875,-0.885,-0.91,-0.905,-0.91,-0.905,-0.885,-0.865,-0.845,-0.775,-0.685,-0.58,-0.44,-0.31,-0.155,0.005,0.175,0.36,0.6,0.815,1.055,1.29,1.48,1.65,1.77,1.865,1.92,1.96,1.955,1.945,1.925,1.885,1.815,1.745,1.685,1.62,1.59,1.61,1.61,1.575,1.51,1.425,1.285,1.15,0.995,0.82,0.595,0.3,-0.05,-0.43,-0.74,-0.955,-1.07,-1.095,-1.065,-1.05,-1.04,-1.05,-1.09,-1.14,-1.195,-1.235,-1.26,-1.265,-1.285,-1.295,-1.29,-1.315,-1.305,-1.32,-1.345,-1.355,-1.36,-1.38,-1.39,-1.39,-1.41,-1.415,-1.435,-1.425,-1.435,-1.45,-1.455,-1.48,-1.495,-1.53,-1.55,-1.555,-1.57,-1.59,-1.595,-1.6,-1.615,-1.63,-1.645,-1.675,-1.69,-1.72,-1.755,-1.765,-1.78,-1.79,-1.785,-1.785,-1.78,-1.79,-1.805,-1.85,-1.86,-1.875,-1.885,-1.88,-1.885,-1.875,-1.86,-1.855,-1.85,-1.875,-1.91,-1.93,-1.95,-1.97,-1.98,-1.99,-2.025,-2.045,-2.065,-2.065,-2.085,-2.105,-2.105,-2.085,-2.095,-2.07,-2.04,-1.995,-1.965,-1.905,-1.85,-1.785,-1.73,-1.66,-1.61,-1.55,-1.505,-1.46,-1.415,-1.37,-1.335,-1.3,-1.255,-1.215,-1.19,-1.165,-1.16,-1.155,-1.145,-1.165,-1.155,-1.15,-1.15,-1.15,-1.14,-1.14,-1.13,-1.135,-1.135,-1.135,-1.15,-1.14,-1.14,-1.15,-1.145,-1.14,-1.12,-1.12,-1.095,-1.09,-1.095,-1.105,-1.125,-1.115,-1.13,-1.135,-1.125,-1.125,-1.125,-1.1,-1.095,-1.075,-1.08,-1.07,-1.075,-1.08,-1.095,-1.09,-1.085,-1.105,-1.09,-1.075,-1.065,-1.075,-1.06,-1.06,-1.065,-1.075,2.0
V,-0.075,-0.11,-0.125,-0.125,-0.13,-0.12,-0.12,-0.12,-0.13,-0.125,-0.115,-0.09,-0.055,-0.015,0.035,0.085,0.15,0.21,0.265,0.33,0.405,0.49,0.585,0.705,0.855,1.035,1.24,1.44,1.63,1.78,1.885,1.975,2.01,2.0,1.93,1.735,1.425,1.03,0.58,0.125,-0.275,-0.565,-0.715,-0.72,-0.64,-0.505,-0.405,-0.355,-0.36,-0.39,-0.425,-0.47,-0.48,-0.495,-0.495,-0.49,-0.5,-0.49,-0.505,-0.51,-0.52,-0.525,-0.535,-0.545,-0.535,-0.535,-0.54,-0.55,-0.565,-0.565,-0.585,-0.595,-0.595,-0.6,-0.6,-0.61,-0.6,-0.605,-0.605,-0.61,-0.635,-0.645,-0.655,-0.67,-0.67,-0.685,-0.69,-0.7,-0.69,-0.695,-0.715,-0.73,-0.745,-0.76,-0.77,-0.795,-0.795,-0.795,-0.805,-0.81,-0.815,-0.815,-0.835,-0.835,-0.845,-0.85,-0.85,-0.845,-0.835,-0.82,-0.805,-0.79,-0.75,-0.735,-0.715,-0.675,-0.655,-0.63,-0.625,-0.595,-0.57,-0.55,-0.51,-0.475,-0.445,-0.425,-0.39,-0.37,-0.36,-0.345,-0.345,-0.325,-0.31,-0.295,-0.275,-0.265,-0.245,-0.23,-0.24,-0.245,-0.25,-0.245,-0.245,-0.245,-0.24,-0.235,-0.225,-0.22,-0.2,-0.19,-0.18,-0.155,-0.15,-0.13,-0.1,-0.09,-0.045,0.0,0.065,0.15,0.22,0.295,0.375,0.495,0.6,0.71,0.79,0.81,0.74,0.55,0.23,-0.18,-0.645,-1.085,-1.465,-1.725,-1.92,-2.05,-2.15,-2.215,-2.265,-2.285,-2.285,-2.265,-2.215,-2.155,-2.08,-1.985,-1.885,-1.775,-1.66,-1.55,-1.43,-1.345,-1.255,-1.165,-1.075,-0.97,-0.895,-0.82,-0.765,-0.715,-0.665,-0.615,-0.55,-0.465,-0.385,-0.27,-0.145,-0.03,0.075,0.155,0.21,0.23,0.23,0.23,0.23,0.22,0.23,0.245,0.28,0.305,0.31,0.325,0.335,0.34,0.345,0.36,0.37,0.4,0.4,0.43,0.45,0.46,0.475,0.495,0.52,0.53,0.52,0.56,0.575,0.605,0.62,0.64,0.665,0.705,0.72,0.73,0.75,0.77,0.785,0.79,0.825,0.845,0.865,0.88,0.895,0.88,0.88,0.875,0.855,0.85,0.82,0.805,0.795,0.775,0.745,0.725,0.695,0.66,0.62,0.57,0.52,0.49,0.445,0.41,0.38,0.34,0.32,0.3,0.27,0.25,0.2,0.17,0.145,0.095,0.07,0.045,0.02,0.005,-0.015,-0.015,-0.03,-0.03,-0.04,-0.045,-0.065,-0.07,-0.08,-0.09,-0.1,-0.1,-0.11,-0.105,-0.11,-0.105,-0.11,-0.115,-0.12,-0.12,-0.13,-0.145,-0.145,-0.13,-0.12,-0.095,-0.08,-0.075,-0.08,-0.09,-0.095,-0.105,-0.1,-0.13,-0.115,-0.11,-0.12,-0.125,-0.115,-0.115,-0.12,-0.11,-0.115,-0.13,-0.14,-0.14,-0.15,-0.16,-0.145,-0.15,-0.14,-0.13,-0.145,-0.155,-0.145,-0.175,-0.175,-0.18,-0.18,-0.19,-0.185,-0.165,-0.145,-0.145,-0.145,-0.15,-0.155,-0.16,-0.175,-0.17,2.0
V,-0.62,-0.58,-0.54,-0.525,-0.49,-0.47,-0.46,-0.46,-0.475,-0.48,-0.48,-0.475,-0.49,-0.51,-0.495,-0.465,-0.395,-0.355,-0.35,-0.36,-0.37,-0.365,-0.365,-0.38,-0.385,-0.385,-0.395,-0.395,-0.375,-0.395,-0.395,-0.4,-0.39,-0.385,-0.38,-0.38,-0.39,-0.4,-0.4,-0.385,-0.35,-0.335,-0.345,-0.345,-0.345,-0.345,-0.335,-0.33,-0.33,-0.34,-0.36,-0.34,-0.335,-0.325,-0.335,-0.335,-0.335,-0.325,-0.315,-0.335,-0.33,-0.35,-0.335,-0.305,-0.265,-0.27,-0.285,-0.29,-0.295,-0.285,-0.28,-0.29,-0.285,-0.265,-0.265,-0.27,-0.275,-0.28,-0.29,-0.27,-0.255,-0.225,-0.215,-0.22,-0.215,-0.21,-0.23,-0.22,-0.205,-0.185,-0.18,-0.17,-0.17,-0.175,-0.17,-0.18,-0.19,-0.185,-0.165,-0.155,-0.155,-0.165,-0.175,-0.2,-0.205,-0.2,-0.165,-0.165,-0.155,-0.15,-0.11,-0.08,-0.055,-0.045,-0.065,-0.105,-0.155,-0.18,-0.175,-0.175,-0.195,-0.24,-0.28,-0.335,-0.355,-0.355,-0.34,-0.33,-0.33,-0.32,-0.33,-0.32,-0.32,-0.32,-0.29,-0.285,-0.275,-0.265,-0.285,-0.285,-0.29,-0.275,-0.25,-0.26,-0.26,-0.27,-0.27,-0.225,-0.22,-0.22,-0.22,-0.18,-0.135,-0.085,-0.035,0.0,0.015,0.0,-0.01,-0.02,-0.025,-0.03,-0.035,-0.025,0.01,0.07,0.125,0.135,0.09,0.005,-0.155,-0.41,-0.705,-1.025,-1.315,-1.59,-1.845,-2.01,-2.065,-2.11,-2.135,-2.135,-2.065,-1.97,-1.845,-1.73,-1.62,-1.555,-1.495,-1.46,-1.39,-1.32,-1.24,-1.165,-1.085,-1.015,-0.95,-0.895,-0.845,-0.775,-0.725,-0.685,-0.65,-0.595,-0.56,-0.525,-0.48,-0.435,-0.37,-0.3,-0.225,-0.17,-0.115,-0.055,-0.015,0.03,0.05,0.075,0.1,0.14,0.17,0.2,0.215,0.22,0.235,0.255,0.265,0.25,0.235,0.235,0.25,0.285,0.295,0.3,0.305,0.315,0.345,0.39,0.43,0.455,0.49,0.49,0.485,0.49,0.485,0.47,0.465,0.48,0.53,0.57,0.6,0.61,0.6,0.59,0.6,0.585,0.585,0.605,0.64,0.665,0.66,0.66,0.655,0.66,0.665,0.66,0.68,0.69,0.695,0.685,0.66,0.645,0.63,0.61,0.605,0.6,0.57,0.55,0.52,0.505,0.515,0.495,0.465,0.415,0.39,0.37,0.355,0.32,0.28,0.255,0.245,0.225,0.21,0.185,0.17,0.14,0.105,0.07,0.045,0.035,0.04,0.03,0.025,0.03,0.025,0.025,-0.005,-0.025,-0.045,-0.075,-0.07,-0.08,-0.09,-0.105,-0.115,-0.12,-0.12,-0.135,-0.13,-0.11,-0.105,-0.105,-0.105,-0.115,-0.13,-0.145,-0.145,-0.165,-0.145,-0.14,-0.145,-0.145,-0.145,-0.16,-0.145,-0.145,-0.145,-0.16,-0.17,-0.17,-0.16,-0.165,-0.165,-0.18,-0.18,-0.17,-0.15,-0.155,-0.175,-0.18,-0.18,-0.165,-0.1,-0.02,0.055,0.055,-0.015,-0.15,-0.295,-0.37,2.0
V,-0.015,0.005,0.055,0.09,0.155,0.215,0.28,0.335,0.375,0.4,0.41,0.425,0.43,0.475,0.56,0.675,0.795,0.905,0.975,1.0,1.0,0.98,0.975,0.97,0.965,0.97,0.965,0.94,0.9,0.86,0.82,0.755,0.675,0.59,0.505,0.425,0.355,0.28,0.205,0.14,0.065,0.0,-0.055,-0.115,-0.165,-0.205,-0.25,-0.28,-0.305,-0.285,-0.29,-0.285,-0.295,-0.3,-0.31,-0.32,-0.345,-0.35,-0.355,-0.36,-0.385,-0.38,-0.385,-0.38,-0.385,-0.385,-0.38,-0.39,-0.405,-0.415,-0.42,-0.43,-0.45,-0.465,-0.48,-0.495,-0.5,-0.505,-0.505,-0.52,-0.53,-0.56,-0.585,-0.605,-0.625,-0.63,-0.625,-0.635,-0.645,-0.655,-0.665,-0.66,-0.68,-0.675,-0.69,-0.7,-0.715,-0.72,-0.715,-0.715,-0.69,-0.67,-0.645,-0.63,-0.625,-0.615,-0.6,-0.575,-0.565,-0.545,-0.525,-0.505,-0.465,-0.44,-0.43,-0.385,-0.36,-0.34,-0.33,-0.31,-0.29,-0.29,-0.295,-0.285,-0.26,-0.23,-0.215,-0.2,-0.185,-0.18,-0.175,-0.19,-0.19,-0.175,-0.165,-0.155,-0.155,-0.155,-0.15,-0.165,-0.15,-0.165,-0.155,-0.145,-0.145,-0.14,-0.145,-0.13,-0.135,-0.135,-0.13,-0.11,-0.095,-0.075,-0.04,0.0,0.035,0.09,0.155,0.22,0.275,0.33,0.385,0.435,0.48,0.475,0.41,0.28,0.05,-0.235,-0.54,-0.825,-1.085,-1.31,-1.485,-1.65,-1.795,-1.91,-2.01,-2.095,-2.165,-2.205,-2.19,-2.165,-2.115,-2.07,-2.03,-1.97,-1.895,-1.8,-1.695,-1.585,-1.46,-1.355,-1.275,-1.195,-1.125,-1.03,-0.935,-0.83,-0.75,-0.655,-0.605,-0.535,-0.485,-0.41,-0.305,-0.155,0.0,0.135,0.235,0.3,0.32,0.34,0.35,0.38,0.395,0.41,0.435,0.455,0.485,0.495,0.515,0.52,0.54,0.55,0.55,0.56,0.565,0.58,0.605,0.635,0.66,0.69,0.705,0.725,0.74,0.775,0.785,0.8,0.815,0.825,0.85,0.885,0.915,0.95,0.97,0.995,1.01,1.03,1.05,1.06,1.06,1.07,1.065,1.06,1.055,1.07,1.07,1.05,1.035,1.02,1.0,0.97,0.935,0.91,0.88,0.85,0.82,0.79,0.765,0.73,0.695,0.66,0.61,0.57,0.535,0.49,0.46,0.42,0.39,0.36,0.325,0.3,0.265,0.255,0.23,0.205,0.18,0.15,0.115,0.1,0.085,0.075,0.075,0.06,0.06,0.055,0.05,0.035,0.03,0.005,0.0,-0.015,-0.015,-0.005,-0.015,-0.005,-0.02,-0.01,-0.03,-0.015,-0.015,-0.02,-0.01,-0.025,-0.015,-0.025,-0.01,-0.025,-0.03,-0.03,-0.04,-0.06,-0.07,-0.07,-0.09,-0.1,-0.105,-0.095,-0.09,-0.09,-0.07,-0.075,-0.08,-0.095,-0.125,-0.125,-0.125,-0.11,-0.1,-0.095,-0.095,-0.1,-0.105,-0.115,-0.145,-0.145,-0.155,-0.155,-0.145,-0.15,-0.14,-0.125,-0.13,-0.125,-0.125,-0.14,-0.15,-0.155,2.0
F,-0.435,-0.395,-0.38,-0.365,-0.35,-0.36,-0.36,-0.375,-0.36,-0.345,-0.345,-0.33,-0.335,-0.345,-0.34,-0.33,-0.315,-0.305,-0.295,-0.28,-0.27,-0.27,-0.265,-0.265,-0.245,-0.225,-0.185,-0.145,-0.12,-0.095,-0.08,-0.06,-0.03,-0.005,0.04,0.075,0.12,0.155,0.185,0.21,0.26,0.32,0.375,0.425,0.46,0.5,0.53,0.58,0.605,0.65,0.675,0.705,0.735,0.765,0.79,0.825,0.86,0.895,0.915,0.93,0.95,0.97,0.96,0.97,0.975,0.985,0.975,0.97,0.955,0.925,0.9,0.9,0.88,0.855,0.86,0.85,0.83,0.79,0.765,0.72,0.69,0.665,0.64,0.62,0.6,0.565,0.55,0.52,0.48,0.44,0.43,0.41,0.375,0.335,0.3,0.25,0.24,0.215,0.2,0.185,0.16,0.135,0.095,0.045,0.01,-0.015,-0.04,-0.04,-0.05,-0.045,-0.045,-0.04,-0.05,-0.055,-0.06,-0.065,-0.07,-0.055,-0.04,-0.03,0.005,0.04,0.085,0.125,0.155,0.18,0.2,0.21,0.23,0.23,0.245,0.245,0.27,0.25,0.24,0.2,0.145,0.08,0.015,-0.03,-0.065,-0.085,-0.1,-0.13,-0.155,-0.16,-0.165,-0.155,-0.145,-0.145,-0.14,-0.16,-0.175,-0.175,-0.195,-0.185,-0.19,-0.18,-0.165,-0.17,-0.18,-0.2,-0.19,-0.195,-0.185,-0.2,-0.235,-0.285,-0.32,-0.325,-0.245,-0.075,0.195,0.535,0.94,1.39,1.83,2.205,2.485,2.595,2.525,2.345,2.045,1.685,1.32,0.91,0.555,0.215,-0.09,-0.335,-0.49,-0.55,-0.535,-0.49,-0.445,-0.41,-0.425,-0.455,-0.48,-0.53,-0.555,-0.595,-0.63,-0.65,-0.655,-0.65,-0.635,-0.64,-0.645,-0.645,-0.665,-0.68,-0.7,-0.69,-0.695,-0.69,-0.685,-0.69,-0.69,-0.675,-0.675,-0.665,-0.67,-0.675,-0.675,-0.68,-0.675,-0.68,-0.675,-0.665,-0.65,-0.63,-0.6,-0.59,-0.57,-0.57,-0.565,-0.575,-0.56,-0.56,-0.54,-0.5,-0.47,-0.455,-0.435,-0.44,-0.43,-0.415,-0.395,-0.36,-0.315,-0.285,-0.245,-0.215,-0.18,-0.145,-0.1,-0.06,-0.03,0.02,0.045,0.06,0.07,0.09,0.105,0.14,0.185,0.235,0.29,0.315,0.325,0.305,0.3,0.3,0.305,0.325,0.35,0.365,0.36,0.355,0.34,0.335,0.325,0.32,0.295,0.275,0.25,0.235,0.195,0.19,0.185,0.18,0.17,0.155,0.135,0.095,0.055,0.02,-0.015,-0.035,-0.04,-0.06,-0.06,-0.085,-0.13,-0.155,-0.195,-0.225,-0.255,-0.27,-0.28,-0.295,-0.31,-0.345,-0.34,-0.355,-0.36,-0.355,-0.36,-0.36,-0.35,-0.38,-0.39,-0.4,-0.405,-0.38,-0.35,-0.325,-0.295,-0.27,-0.24,-0.22,-0.175,-0.145,-0.125,-0.095,-0.08,-0.065,-0.065,-0.055,-0.055,-0.035,-0.04,-0.055,-0.09,-0.16,-0.21,-0.28,-0.335,-0.365,-0.38,-0.395,-0.395,-0.4,-0.42,-0.425,-0.44,-0.44,-0.435,-0.43,3.0
F,-0.12,-0.125,-0.105,-0.09,-0.1,-0.105,-0.11,-0.1,-0.085,-0.065,-0.06,-0.07,-0.075,-0.065,-0.045,-0.005,0.0,-0.01,-0.015,-0.015,-0.01,0.03,0.07,0.085,0.07,0.055,0.065,0.11,0.14,0.14,0.13,0.15,0.165,0.195,0.215,0.215,0.205,0.21,0.22,0.23,0.245,0.26,0.265,0.255,0.26,0.275,0.275,0.285,0.27,0.26,0.265,0.28,0.265,0.235,0.195,0.175,0.165,0.16,0.135,0.1,0.06,0.035,0.025,0.015,0.005,-0.005,-0.03,-0.06,-0.05,-0.04,-0.05,-0.07,-0.08,-0.1,-0.105,-0.085,-0.095,-0.12,-0.14,-0.13,-0.125,-0.12,-0.105,-0.11,-0.11,-0.125,-0.115,-0.105,-0.095,-0.105,-0.11,-0.12,-0.115,-0.1,-0.09,-0.085,-0.085,-0.09,-0.085,-0.06,-0.06,-0.075,-0.08,-0.085,-0.07,-0.05,-0.04,-0.065,-0.08,-0.085,-0.08,-0.065,-0.06,-0.065,-0.07,-0.065,-0.05,-0.035,-0.04,-0.04,-0.055,-0.045,-0.025,-0.01,-0.02,0.0,-0.02,-0.025,-0.005,0.03,0.055,0.075,0.075,0.08,0.07,0.075,0.1,0.08,0.065,0.05,0.03,0.04,0.015,-0.005,-0.035,-0.06,-0.07,-0.06,-0.09,-0.075,-0.095,-0.1,-0.065,-0.02,0.015,0.045,0.065,0.11,0.185,0.27,0.33,0.425,0.5,0.565,0.635,0.705,0.77,0.82,0.87,0.935,1.005,1.075,1.125,1.19,1.295,1.42,1.55,1.67,1.745,1.8,1.85,1.895,1.935,1.87,1.63,1.255,0.875,0.525,0.275,0.075,-0.065,-0.16,-0.23,-0.265,-0.265,-0.26,-0.28,-0.32,-0.365,-0.395,-0.415,-0.4,-0.4,-0.4,-0.425,-0.445,-0.45,-0.45,-0.455,-0.475,-0.48,-0.48,-0.46,-0.445,-0.445,-0.47,-0.51,-0.525,-0.52,-0.495,-0.49,-0.515,-0.535,-0.58,-0.56,-0.55,-0.54,-0.52,-0.54,-0.54,-0.555,-0.575,-0.59,-0.595,-0.605,-0.615,-0.615,-0.625,-0.62,-0.615,-0.61,-0.61,-0.58,-0.565,-0.56,-0.58,-0.57,-0.57,-0.545,-0.52,-0.515,-0.525,-0.55,-0.545,-0.515,-0.46,-0.42,-0.39,-0.395,-0.385,-0.38,-0.325,-0.27,-0.27,-0.265,-0.26,-0.235,-0.24,-0.23,-0.235,-0.235,-0.225,-0.22,-0.21,-0.21,-0.205,-0.23,-0.235,-0.23,-0.205,-0.2,-0.24,-0.27,-0.29,-0.28,-0.245,-0.225,-0.19,-0.2,-0.21,-0.23,-0.23,-0.245,-0.255,-0.27,-0.275,-0.275,-0.25,-0.25,-0.245,-0.255,-0.255,-0.26,-0.255,-0.25,-0.25,-0.245,-0.25,-0.225,-0.24,-0.25,-0.245,-0.26,-0.245,-0.25,-0.215,-0.22,-0.24,-0.25,-0.245,-0.23,-0.2,-0.205,-0.18,-0.185,-0.185,-0.165,-0.165,-0.145,-0.14,-0.135,-0.125,-0.09,-0.085,-0.07,-0.065,-0.085,-0.095,-0.085,-0.085,-0.095,-0.125,-0.15,-0.185,-0.185,-0.205,-0.2,-0.215,-0.23,-0.23,-0.225,-0.215,-0.21,-0.225,-0.245,-0.255,-0.255,-0.24,-0.23,-0.24,3.0
F,-0.455,-0.46,-0.485,-0.525,-0.56,-0.565,-0.565,-0.55,-0.545,-0.565,-0.575,-0.585,-0.585,-0.595,-0.6,-0.59,-0.595,-0.59,-0.605,-0.595,-0.585,-0.575,-0.58,-0.58,-0.58,-0.59,-0.6,-0.59,-0.56,-0.535,-0.515,-0.47,-0.465,-0.455,-0.45,-0.425,-0.41,-0.375,-0.335,-0.275,-0.25,-0.21,-0.18,-0.145,-0.095,-0.045,0.0,0.02,0.04,0.055,0.085,0.105,0.16,0.21,0.255,0.295,0.335,0.36,0.375,0.415,0.43,0.455,0.485,0.52,0.545,0.575,0.605,0.63,0.645,0.66,0.675,0.69,0.685,0.675,0.66,0.64,0.63,0.645,0.65,0.65,0.645,0.625,0.615,0.585,0.56,0.545,0.52,0.5,0.48,0.46,0.425,0.39,0.36,0.34,0.33,0.32,0.29,0.245,0.195,0.16,0.135,0.115,0.105,0.105,0.085,0.055,0.035,0.005,-0.03,-0.045,-0.075,-0.065,-0.05,-0.045,-0.045,-0.06,-0.06,-0.055,-0.075,-0.06,-0.03,0.0,0.04,0.07,0.1,0.13,0.17,0.21,0.24,0.255,0.255,0.26,0.245,0.265,0.25,0.245,0.24,0.21,0.165,0.105,0.045,-0.005,-0.045,-0.09,-0.11,-0.13,-0.13,-0.14,-0.12,-0.11,-0.095,-0.095,-0.09,-0.09,-0.125,-0.17,-0.23,-0.275,-0.3,-0.28,-0.235,-0.14,0.0,0.15,0.335,0.5,0.665,0.815,0.96,1.115,1.29,1.475,1.65,1.79,1.94,2.1,2.24,2.39,2.505,2.595,2.625,2.635,2.58,2.49,2.335,2.065,1.745,1.34,0.935,0.575,0.215,-0.075,-0.335,-0.5,-0.58,-0.58,-0.56,-0.54,-0.55,-0.585,-0.625,-0.66,-0.685,-0.705,-0.705,-0.715,-0.74,-0.745,-0.77,-0.795,-0.805,-0.8,-0.805,-0.82,-0.825,-0.845,-0.87,-0.9,-0.915,-0.93,-0.93,-0.93,-0.935,-0.925,-0.945,-0.955,-0.95,-0.955,-0.95,-0.95,-0.945,-0.945,-0.94,-0.935,-0.925,-0.895,-0.895,-0.895,-0.885,-0.88,-0.875,-0.875,-0.88,-0.85,-0.82,-0.795,-0.745,-0.71,-0.68,-0.655,-0.63,-0.615,-0.59,-0.56,-0.52,-0.475,-0.435,-0.415,-0.39,-0.355,-0.33,-0.31,-0.27,-0.24,-0.205,-0.2,-0.165,-0.125,-0.095,-0.055,-0.02,0.025,0.045,0.075,0.04,0.05,0.065,0.065,0.08,0.095,0.115,0.115,0.09,0.07,0.06,0.045,0.04,0.04,0.02,-0.005,-0.035,-0.055,-0.075,-0.08,-0.085,-0.09,-0.09,-0.11,-0.145,-0.19,-0.23,-0.26,-0.285,-0.28,-0.28,-0.27,-0.27,-0.27,-0.295,-0.32,-0.325,-0.35,-0.355,-0.355,-0.355,-0.345,-0.335,-0.325,-0.315,-0.315,-0.3,-0.285,-0.27,-0.27,-0.275,-0.28,-0.29,-0.29,-0.27,-0.245,-0.21,-0.165,-0.13,-0.105,-0.09,-0.08,-0.075,-0.035,-0.015,0.015,0.02,0.045,0.04,0.025,0.02,0.005,-0.04,-0.075,-0.11,-0.17,-0.22,-0.275,-0.315,-0.36,-0.38,-0.37,-0.355,-0.345,-0.345,-0.355,3.0
f,-0.285,-0.275,-0.27,-0.265,-0.265,-0.27,-0.265,-0.255,-0.25,-0.245,-0.245,-0.255,-0.23,-0.215,-0.23,-0.24,-0.255,-0.245,-0.24,-0.235,-0.235,-0.245,-0.26,-0.27,-0.26,-0.25,-0.245,-0.25,-0.275,-0.275,-0.28,-0.27,-0.265,-0.26,-0.27,-0.28,-0.275,-0.26,-0.26,-0.28,-0.285,-0.285,-0.27,-0.265,-0.275,-0.285,-0.3,-0.295,-0.285,-0.275,-0.27,-0.28,-0.285,-0.305,-0.29,-0.275,-0.275,-0.28,-0.285,-0.295,-0.285,-0.27,-0.28,-0.28,-0.275,-0.29,-0.285,-0.27,-0.265,-0.265,-0.275,-0.28,-0.27,-0.27,-0.27,-0.275,-0.28,-0.285,-0.275,-0.275,-0.265,-0.27,-0.285,-0.3,-0.275,-0.265,-0.265,-0.28,-0.29,-0.29,-0.27,-0.28,-0.28,-0.28,-0.285,-0.295,-0.295,-0.27,-0.26,-0.275,-0.28,-0.28,-0.265,-0.25,-0.25,-0.245,-0.255,-0.25,-0.25,-0.22,-0.22,-0.215,-0.225,-0.22,-0.195,-0.195,-0.185,-0.185,-0.185,-0.19,-0.18,-0.19,-0.21,-0.215,-0.235,-0.24,-0.23,-0.235,-0.245,-0.26,-0.265,-0.27,-0.26,-0.25,-0.26,-0.26,-0.255,-0.275,-0.275,-0.265,-0.275,-0.275,-0.27,-0.275,-0.26,-0.265,-0.255,-0.26,-0.275,-0.28,-0.265,-0.255,-0.265,-0.265,-0.265,-0.28,-0.265,-0.27,-0.26,-0.26,-0.26,-0.265,-0.255,-0.245,-0.245,-0.235,-0.245,-0.245,-0.2,-0.125,-0.055,0.01,0.08,0.17,0.29,0.565,1.145,1.505,1.41,1.265,1.285,1.36,1.32,1.125,0.88,0.645,0.465,0.32,0.16,-0.015,-0.165,-0.25,-0.275,-0.285,-0.295,-0.305,-0.31,-0.325,-0.315,-0.3,-0.32,-0.315,-0.32,-0.32,-0.315,-0.31,-0.32,-0.325,-0.34,-0.345,-0.345,-0.33,-0.33,-0.34,-0.345,-0.355,-0.355,-0.35,-0.355,-0.365,-0.37,-0.365,-0.365,-0.36,-0.375,-0.37,-0.39,-0.395,-0.395,-0.395,-0.395,-0.395,-0.41,-0.42,-0.41,-0.405,-0.405,-0.42,-0.435,-0.43,-0.43,-0.425,-0.425,-0.435,-0.455,-0.455,-0.455,-0.44,-0.435,-0.465,-0.47,-0.47,-0.47,-0.455,-0.46,-0.475,-0.475,-0.485,-0.475,-0.455,-0.455,-0.465,-0.48,-0.485,-0.47,-0.465,-0.465,-0.46,-0.465,-0.465,-0.455,-0.455,-0.445,-0.44,-0.45,-0.44,-0.445,-0.41,-0.41,-0.415,-0.42,-0.4,-0.39,-0.355,-0.355,-0.355,-0.36,-0.365,-0.35,-0.325,-0.31,-0.3,-0.31,-0.305,-0.29,-0.27,-0.26,-0.27,-0.265,-0.27,-0.255,-0.245,-0.24,-0.25,-0.255,-0.26,-0.25,-0.235,-0.245,-0.24,-0.245,-0.255,-0.25,-0.235,-0.235,-0.25,-0.25,-0.26,-0.255,-0.245,-0.235,-0.245,-0.265,-0.27,-0.265,-0.25,-0.245,-0.255,-0.26,-0.275,-0.26,-0.26,-0.26,-0.265,-0.28,-0.275,-0.28,-0.265,-0.255,-0.27,-0.28,-0.3,-0.285,-0.27,-0.265,-0.29,-0.28,-0.29,-0.28,-0.265,-0.27,-0.28,-0.285,-0.295,-0.285,-0.26,-0.265,-0.275,-0.275,-0.285,3.0
F,-0.28,-0.245,-0.23,-0.24,-0.25,-0.255,-0.255,-0.235,-0.225,-0.22,-0.235,-0.245,-0.245,-0.23,-0.225,-0.23,-0.23,-0.245,-0.215,-0.2,-0.19,-0.195,-0.19,-0.195,-0.19,-0.18,-0.155,-0.16,-0.18,-0.185,-0.175,-0.135,-0.105,-0.09,-0.085,-0.1,-0.085,-0.075,-0.02,-0.015,-0.02,-0.015,0.0,0.015,0.035,0.05,0.065,0.085,0.105,0.145,0.155,0.175,0.165,0.185,0.205,0.23,0.235,0.24,0.22,0.21,0.195,0.175,0.155,0.125,0.055,0.01,-0.01,-0.045,-0.06,-0.095,-0.14,-0.16,-0.185,-0.17,-0.175,-0.185,-0.23,-0.245,-0.26,-0.25,-0.245,-0.255,-0.28,-0.3,-0.305,-0.295,-0.28,-0.265,-0.285,-0.305,-0.295,-0.3,-0.285,-0.28,-0.295,-0.29,-0.3,-0.285,-0.275,-0.295,-0.3,-0.315,-0.305,-0.29,-0.285,-0.26,-0.28,-0.285,-0.285,-0.28,-0.26,-0.265,-0.285,-0.29,-0.3,-0.29,-0.27,-0.27,-0.25,-0.25,-0.23,-0.215,-0.2,-0.195,-0.205,-0.2,-0.195,-0.165,-0.15,-0.15,-0.16,-0.18,-0.175,-0.165,-0.17,-0.16,-0.195,-0.21,-0.225,-0.215,-0.215,-0.24,-0.28,-0.315,-0.32,-0.31,-0.295,-0.315,-0.345,-0.345,-0.32,-0.28,-0.225,-0.185,-0.17,-0.11,-0.05,0.015,0.095,0.155,0.21,0.275,0.33,0.385,0.465,0.53,0.59,0.665,0.765,0.86,0.97,1.04,1.095,1.19,1.32,1.47,1.555,1.63,1.68,1.745,1.825,1.89,1.965,1.925,1.66,1.27,0.88,0.56,0.29,0.075,-0.095,-0.235,-0.335,-0.4,-0.44,-0.46,-0.495,-0.535,-0.55,-0.54,-0.54,-0.56,-0.585,-0.625,-0.62,-0.615,-0.61,-0.605,-0.63,-0.64,-0.65,-0.65,-0.65,-0.65,-0.67,-0.68,-0.675,-0.67,-0.665,-0.665,-0.675,-0.69,-0.69,-0.69,-0.68,-0.7,-0.735,-0.75,-0.755,-0.74,-0.715,-0.72,-0.745,-0.755,-0.765,-0.765,-0.765,-0.76,-0.785,-0.8,-0.785,-0.79,-0.775,-0.78,-0.8,-0.805,-0.785,-0.755,-0.745,-0.735,-0.73,-0.74,-0.735,-0.715,-0.665,-0.65,-0.665,-0.665,-0.675,-0.64,-0.605,-0.585,-0.59,-0.575,-0.535,-0.5,-0.46,-0.45,-0.46,-0.455,-0.435,-0.42,-0.395,-0.38,-0.405,-0.435,-0.415,-0.405,-0.395,-0.38,-0.41,-0.415,-0.415,-0.4,-0.395,-0.4,-0.41,-0.42,-0.425,-0.41,-0.41,-0.42,-0.44,-0.46,-0.445,-0.425,-0.41,-0.395,-0.415,-0.425,-0.42,-0.41,-0.41,-0.395,-0.415,-0.415,-0.43,-0.41,-0.4,-0.425,-0.435,-0.45,-0.42,-0.395,-0.37,-0.37,-0.365,-0.36,-0.325,-0.285,-0.24,-0.2,-0.17,-0.13,-0.06,0.015,0.1,0.185,0.24,0.34,0.44,0.55,0.635,0.7,0.775,0.835,0.915,1.005,1.115,1.2,1.245,1.255,1.255,1.22,1.19,1.145,1.085,1.045,1.02,1.01,1.005,0.97,0.925,0.9,0.89,0.91,0.96,0.92,0.835,0.67,3.0
f,0.35,0.375,0.395,0.395,0.4,0.41,0.42,0.44,0.445,0.435,0.41,0.39,0.38,0.355,0.36,0.32,0.31,0.27,0.25,0.23,0.18,0.13,0.08,0.035,0.01,-0.015,-0.055,-0.115,-0.16,-0.205,-0.245,-0.25,-0.26,-0.32,-0.365,-0.395,-0.395,-0.415,-0.435,-0.46,-0.495,-0.51,-0.52,-0.535,-0.545,-0.575,-0.585,-0.595,-0.6,-0.595,-0.595,-0.62,-0.63,-0.625,-0.635,-0.625,-0.63,-0.635,-0.67,-0.65,-0.66,-0.65,-0.645,-0.665,-0.67,-0.68,-0.67,-0.665,-0.65,-0.67,-0.685,-0.7,-0.69,-0.675,-0.66,-0.67,-0.685,-0.695,-0.69,-0.69,-0.675,-0.68,-0.705,-0.705,-0.695,-0.685,-0.69,-0.72,-0.735,-0.75,-0.735,-0.725,-0.715,-0.73,-0.745,-0.745,-0.74,-0.72,-0.715,-0.73,-0.73,-0.735,-0.73,-0.715,-0.725,-0.735,-0.745,-0.745,-0.735,-0.73,-0.725,-0.73,-0.735,-0.74,-0.725,-0.73,-0.72,-0.72,-0.73,-0.73,-0.735,-0.72,-0.71,-0.73,-0.735,-0.73,-0.73,-0.71,-0.72,-0.725,-0.735,-0.74,-0.735,-0.715,-0.705,-0.725,-0.745,-0.765,-0.73,-0.74,-0.73,-0.735,-0.745,-0.735,-0.73,-0.72,-0.715,-0.72,-0.725,-0.735,-0.73,-0.725,-0.72,-0.735,-0.755,-0.77,-0.76,-0.74,-0.72,-0.72,-0.725,-0.71,-0.68,-0.675,-0.67,-0.68,-0.69,-0.68,-0.675,-0.65,-0.635,-0.64,-0.62,-0.59,-0.545,-0.43,-0.21,0.18,0.65,0.94,0.875,0.615,0.38,0.275,0.185,0.115,0.05,-0.005,-0.06,-0.115,-0.165,-0.22,-0.24,-0.205,-0.145,-0.05,0.025,0.065,0.1,0.08,0.02,-0.08,-0.135,-0.18,-0.245,-0.35,-0.525,-0.725,-0.84,-0.835,-0.76,-0.665,-0.6,-0.59,-0.605,-0.625,-0.61,-0.6,-0.605,-0.62,-0.635,-0.65,-0.64,-0.635,-0.635,-0.655,-0.67,-0.68,-0.675,-0.68,-0.685,-0.71,-0.72,-0.735,-0.72,-0.7,-0.71,-0.72,-0.75,-0.75,-0.75,-0.73,-0.76,-0.76,-0.765,-0.77,-0.76,-0.75,-0.735,-0.765,-0.78,-0.785,-0.78,-0.76,-0.775,-0.78,-0.79,-0.785,-0.795,-0.775,-0.77,-0.785,-0.8,-0.8,-0.79,-0.79,-0.795,-0.815,-0.825,-0.83,-0.84,-0.83,-0.84,-0.855,-0.865,-0.885,-0.905,-0.9,-0.915,-0.935,-0.97,-0.985,-0.995,-1.0,-1.02,-1.035,-1.085,-1.09,-1.095,-1.09,-1.105,-1.12,-1.13,-1.145,-1.145,-1.15,-1.14,-1.18,-1.175,-1.17,-1.15,-1.125,-1.1,-1.08,-1.075,-1.045,-1.005,-0.975,-0.94,-0.925,-0.9,-0.89,-0.85,-0.825,-0.805,-0.795,-0.795,-0.795,-0.765,-0.735,-0.72,-0.725,-0.725,-0.72,-0.715,-0.705,-0.69,-0.69,-0.685,-0.69,-0.68,-0.655,-0.65,-0.665,-0.68,-0.66,-0.64,-0.625,-0.64,-0.63,-0.645,-0.65,-0.64,-0.635,-0.645,-0.64,-0.65,-0.65,-0.635,-0.605,-0.6,-0.61,-0.61,-0.615,-0.605,-0.595,-0.58,-0.595,-0.59,-0.605,3.0
F,-0.855,-0.885,-0.89,-0.885,-0.875,-0.87,-0.89,-0.895,-0.9,-0.905,-0.92,-0.93,-0.945,-0.945,-0.95,-0.955,-0.945,-0.945,-0.945,-0.945,-0.955,-0.965,-0.975,-0.975,-0.97,-0.945,-0.925,-0.905,-0.89,-0.895,-0.885,-0.88,-0.86,-0.835,-0.82,-0.81,-0.8,-0.76,-0.735,-0.71,-0.66,-0.6,-0.565,-0.515,-0.485,-0.46,-0.425,-0.39,-0.35,-0.3,-0.245,-0.21,-0.175,-0.145,-0.1,-0.07,-0.035,0.015,0.04,0.08,0.115,0.15,0.18,0.21,0.255,0.27,0.29,0.31,0.31,0.31,0.31,0.295,0.29,0.3,0.295,0.305,0.315,0.305,0.305,0.28,0.23,0.215,0.195,0.165,0.155,0.135,0.105,0.075,0.05,0.04,0.02,0.01,-0.015,-0.04,-0.07,-0.115,-0.15,-0.18,-0.19,-0.195,-0.215,-0.24,-0.255,-0.29,-0.325,-0.34,-0.35,-0.37,-0.365,-0.365,-0.365,-0.365,-0.375,-0.385,-0.39,-0.39,-0.385,-0.38,-0.37,-0.35,-0.33,-0.27,-0.235,-0.2,-0.165,-0.145,-0.135,-0.135,-0.15,-0.145,-0.13,-0.13,-0.125,-0.155,-0.18,-0.235,-0.285,-0.34,-0.4,-0.44,-0.485,-0.52,-0.55,-0.565,-0.575,-0.58,-0.575,-0.57,-0.545,-0.53,-0.505,-0.51,-0.52,-0.535,-0.54,-0.555,-0.54,-0.535,-0.535,-0.53,-0.535,-0.545,-0.54,-0.54,-0.535,-0.54,-0.54,-0.54,-0.555,-0.555,-0.505,-0.385,-0.16,0.105,0.435,0.805,1.235,1.65,1.96,2.155,2.165,2.01,1.735,1.44,1.15,0.84,0.54,0.24,-0.055,-0.35,-0.58,-0.78,-0.86,-0.86,-0.815,-0.72,-0.66,-0.635,-0.645,-0.675,-0.715,-0.75,-0.79,-0.815,-0.83,-0.83,-0.825,-0.81,-0.795,-0.795,-0.81,-0.83,-0.855,-0.88,-0.875,-0.885,-0.885,-0.87,-0.865,-0.87,-0.875,-0.875,-0.87,-0.88,-0.885,-0.87,-0.87,-0.86,-0.85,-0.835,-0.815,-0.785,-0.76,-0.74,-0.715,-0.7,-0.71,-0.695,-0.675,-0.66,-0.625,-0.575,-0.535,-0.51,-0.465,-0.44,-0.415,-0.385,-0.36,-0.33,-0.295,-0.265,-0.225,-0.19,-0.14,-0.1,-0.045,-0.01,0.02,0.045,0.07,0.075,0.08,0.12,0.14,0.175,0.21,0.22,0.24,0.255,0.255,0.245,0.245,0.265,0.265,0.245,0.22,0.21,0.19,0.19,0.19,0.18,0.175,0.165,0.125,0.1,0.06,0.035,0.025,0.005,0.015,0.0,-0.005,-0.02,-0.045,-0.08,-0.115,-0.14,-0.175,-0.2,-0.235,-0.265,-0.295,-0.325,-0.35,-0.375,-0.385,-0.38,-0.41,-0.415,-0.44,-0.47,-0.485,-0.5,-0.495,-0.475,-0.46,-0.455,-0.455,-0.47,-0.485,-0.485,-0.45,-0.405,-0.365,-0.305,-0.265,-0.24,-0.225,-0.21,-0.2,-0.185,-0.15,-0.13,-0.1,-0.09,-0.095,-0.11,-0.13,-0.14,-0.17,-0.22,-0.275,-0.34,-0.39,-0.445,-0.49,-0.49,-0.515,-0.505,-0.495,-0.48,-0.465,-0.47,-0.47,-0.475,-0.485,-0.505,-0.5,-0.49,3.0
f,-0.315,-0.315,-0.325,-0.31,-0.315,-0.29,-0.3,-0.31,-0.32,-0.32,-0.31,-0.305,-0.305,-0.305,-0.315,-0.325,-0.305,-0.3,-0.3,-0.315,-0.325,-0.325,-0.32,-0.32,-0.31,-0.325,-0.335,-0.325,-0.33,-0.305,-0.315,-0.315,-0.325,-0.325,-0.32,-0.32,-0.315,-0.325,-0.325,-0.32,-0.315,-0.305,-0.31,-0.325,-0.315,-0.315,-0.315,-0.31,-0.31,-0.315,-0.32,-0.315,-0.315,-0.29,-0.305,-0.305,-0.315,-0.31,-0.3,-0.285,-0.3,-0.305,-0.31,-0.31,-0.295,-0.285,-0.29,-0.295,-0.31,-0.31,-0.305,-0.3,-0.3,-0.3,-0.325,-0.315,-0.315,-0.305,-0.32,-0.315,-0.33,-0.32,-0.33,-0.305,-0.31,-0.315,-0.325,-0.32,-0.31,-0.295,-0.3,-0.3,-0.3,-0.295,-0.29,-0.285,-0.275,-0.275,-0.275,-0.27,-0.265,-0.245,-0.24,-0.24,-0.245,-0.23,-0.215,-0.21,-0.215,-0.22,-0.215,-0.23,-0.235,-0.235,-0.24,-0.255,-0.27,-0.265,-0.27,-0.255,-0.27,-0.275,-0.285,-0.285,-0.29,-0.28,-0.27,-0.29,-0.295,-0.3,-0.29,-0.28,-0.275,-0.295,-0.295,-0.295,-0.28,-0.275,-0.275,-0.28,-0.3,-0.285,-0.28,-0.275,-0.27,-0.28,-0.275,-0.27,-0.255,-0.24,-0.225,-0.215,-0.17,-0.04,0.27,0.72,0.84,0.485,0.09,-0.05,-0.035,-0.005,-0.005,-0.05,-0.085,-0.105,-0.1,-0.075,-0.045,0.0,0.015,0.06,0.125,0.18,0.215,0.27,0.31,0.38,0.46,0.54,0.605,0.61,0.575,0.49,0.355,0.245,0.125,-0.02,-0.165,-0.265,-0.34,-0.39,-0.415,-0.415,-0.41,-0.4,-0.38,-0.375,-0.375,-0.375,-0.375,-0.38,-0.375,-0.37,-0.36,-0.36,-0.385,-0.375,-0.375,-0.375,-0.375,-0.375,-0.39,-0.39,-0.385,-0.365,-0.385,-0.38,-0.39,-0.39,-0.385,-0.38,-0.385,-0.39,-0.41,-0.405,-0.405,-0.395,-0.39,-0.405,-0.41,-0.405,-0.4,-0.395,-0.4,-0.405,-0.415,-0.405,-0.395,-0.395,-0.4,-0.41,-0.415,-0.415,-0.395,-0.38,-0.39,-0.415,-0.405,-0.4,-0.4,-0.395,-0.395,-0.4,-0.41,-0.405,-0.4,-0.385,-0.38,-0.39,-0.39,-0.38,-0.385,-0.365,-0.375,-0.375,-0.38,-0.37,-0.37,-0.355,-0.35,-0.355,-0.365,-0.345,-0.34,-0.335,-0.33,-0.325,-0.335,-0.34,-0.315,-0.3,-0.295,-0.305,-0.31,-0.3,-0.29,-0.275,-0.275,-0.275,-0.285,-0.27,-0.265,-0.26,-0.255,-0.265,-0.265,-0.265,-0.265,-0.265,-0.255,-0.25,-0.27,-0.27,-0.27,-0.27,-0.275,-0.275,-0.29,-0.285,-0.27,-0.275,-0.28,-0.285,-0.3,-0.3,-0.295,-0.28,-0.29,-0.3,-0.31,-0.315,-0.3,-0.295,-0.295,-0.31,-0.31,-0.325,-0.315,-0.305,-0.31,-0.31,-0.32,-0.32,-0.31,-0.305,-0.31,-0.315,-0.335,-0.335,-0.335,-0.33,-0.32,-0.34,-0.34,-0.335,-0.33,-0.33,-0.335,-0.33,-0.36,-0.355,-0.33,-0.32,-0.32,-0.32,-0.345,-0.325,-0.33,-0.32,3.0
F,-1.16,-1.035,-0.91,-0.81,-0.7,-0.66,-0.655,-0.705,-0.74,-0.775,-0.795,-0.795,-0.78,-0.77,-0.775,-0.77,-0.785,-0.785,-0.79,-0.795,-0.785,-0.795,-0.805,-0.825,-0.82,-0.815,-0.82,-0.795,-0.775,-0.77,-0.765,-0.77,-0.79,-0.79,-0.79,-0.78,-0.75,-0.745,-0.72,-0.7,-0.68,-0.665,-0.655,-0.645,-0.61,-0.58,-0.565,-0.535,-0.515,-0.475,-0.445,-0.395,-0.355,-0.305,-0.27,-0.25,-0.205,-0.175,-0.15,-0.11,-0.07,-0.03,0.01,0.07,0.095,0.135,0.165,0.205,0.25,0.275,0.31,0.34,0.36,0.39,0.41,0.44,0.46,0.48,0.48,0.47,0.45,0.45,0.445,0.445,0.445,0.45,0.43,0.415,0.37,0.34,0.31,0.27,0.235,0.2,0.165,0.115,0.075,0.04,0.02,0.0,-0.015,-0.03,-0.055,-0.095,-0.12,-0.15,-0.165,-0.175,-0.19,-0.205,-0.215,-0.23,-0.225,-0.225,-0.215,-0.215,-0.225,-0.24,-0.26,-0.255,-0.265,-0.235,-0.2,-0.16,-0.11,-0.07,-0.045,-0.02,-0.01,0.005,0.03,0.05,0.06,0.06,0.055,0.03,0.02,-0.01,-0.05,-0.105,-0.165,-0.225,-0.28,-0.325,-0.355,-0.38,-0.38,-0.375,-0.375,-0.375,-0.385,-0.395,-0.4,-0.41,-0.41,-0.4,-0.405,-0.41,-0.4,-0.405,-0.39,-0.375,-0.36,-0.37,-0.39,-0.41,-0.46,-0.51,-0.525,-0.495,-0.405,-0.205,0.095,0.495,0.95,1.43,1.88,2.26,2.53,2.66,2.65,2.525,2.31,2.03,1.735,1.405,1.04,0.665,0.245,-0.15,-0.48,-0.67,-0.74,-0.715,-0.645,-0.61,-0.595,-0.625,-0.68,-0.71,-0.76,-0.775,-0.78,-0.785,-0.795,-0.8,-0.815,-0.835,-0.835,-0.84,-0.86,-0.855,-0.885,-0.905,-0.925,-0.945,-0.945,-0.945,-0.935,-0.95,-0.935,-0.945,-0.95,-0.975,-0.985,-0.98,-0.98,-0.965,-0.955,-0.96,-0.95,-0.945,-0.93,-0.91,-0.9,-0.87,-0.865,-0.86,-0.85,-0.835,-0.805,-0.785,-0.745,-0.695,-0.665,-0.645,-0.62,-0.58,-0.54,-0.5,-0.45,-0.41,-0.37,-0.335,-0.28,-0.245,-0.19,-0.13,-0.085,-0.05,-0.025,-0.005,0.005,0.02,0.045,0.095,0.14,0.175,0.22,0.235,0.24,0.245,0.25,0.245,0.245,0.25,0.245,0.255,0.245,0.245,0.235,0.22,0.215,0.21,0.19,0.155,0.105,0.075,0.05,0.035,0.02,0.01,-0.02,-0.05,-0.075,-0.105,-0.145,-0.15,-0.17,-0.18,-0.2,-0.21,-0.23,-0.25,-0.27,-0.265,-0.265,-0.28,-0.295,-0.3,-0.315,-0.34,-0.31,-0.27,-0.23,-0.195,-0.15,-0.11,-0.1,-0.085,-0.075,-0.05,-0.03,-0.005,0.01,0.015,0.025,0.02,0.01,-0.005,-0.055,-0.105,-0.17,-0.25,-0.32,-0.375,-0.41,-0.4,-0.39,-0.37,-0.365,-0.36,-0.355,-0.365,-0.37,-0.37,-0.38,-0.385,-0.4,-0.415,-0.415,-0.415,-0.405,-0.38,-0.35,-0.345,-0.34,-0.345,-0.365,-0.4,3.0
F,0.335,0.32,0.315,0.32,0.36,0.4,0.45,0.45,0.385,0.325,0.295,0.325,0.385,0.38,0.36,0.35,0.34,0.365,0.385,0.375,0.37,0.38,0.41,0.435,0.45,0.445,0.42,0.425,0.44,0.45,0.465,0.465,0.465,0.49,0.515,0.525,0.535,0.535,0.545,0.565,0.585,0.615,0.615,0.615,0.625,0.61,0.645,0.7,0.71,0.69,0.685,0.71,0.725,0.73,0.735,0.74,0.735,0.735,0.74,0.75,0.75,0.72,0.69,0.69,0.675,0.665,0.64,0.605,0.59,0.57,0.57,0.565,0.54,0.52,0.5,0.475,0.44,0.425,0.4,0.385,0.365,0.355,0.36,0.385,0.375,0.35,0.335,0.355,0.36,0.345,0.335,0.31,0.295,0.3,0.325,0.345,0.34,0.33,0.31,0.315,0.31,0.335,0.35,0.35,0.335,0.325,0.315,0.33,0.325,0.315,0.295,0.295,0.32,0.35,0.34,0.325,0.305,0.305,0.32,0.34,0.335,0.32,0.32,0.34,0.38,0.415,0.435,0.425,0.385,0.35,0.335,0.35,0.38,0.395,0.4,0.415,0.455,0.44,0.415,0.375,0.37,0.38,0.39,0.375,0.355,0.325,0.3,0.285,0.28,0.275,0.265,0.23,0.205,0.195,0.205,0.22,0.22,0.2,0.175,0.185,0.21,0.245,0.265,0.255,0.275,0.32,0.395,0.465,0.53,0.545,0.585,0.66,0.74,0.835,0.87,0.895,0.945,1.035,1.185,1.345,1.53,1.72,1.925,2.1,2.205,2.245,2.16,1.925,1.585,1.205,0.8,0.51,0.36,0.29,0.245,0.19,0.15,0.15,0.165,0.14,0.105,0.05,0.035,0.05,0.04,-0.01,-0.04,-0.05,-0.02,0.0,0.01,-0.015,-0.02,-0.02,-0.005,-0.005,-0.015,-0.045,-0.045,-0.02,-0.01,-0.01,-0.025,-0.06,-0.06,-0.03,-0.015,-0.03,-0.035,-0.07,-0.1,-0.1,-0.085,-0.06,-0.06,-0.09,-0.105,-0.1,-0.1,-0.085,-0.075,-0.095,-0.105,-0.1,-0.085,-0.075,-0.08,-0.1,-0.09,-0.065,-0.065,-0.055,-0.045,-0.065,-0.04,-0.025,-0.005,0.015,0.025,0.0,0.015,0.045,0.08,0.115,0.125,0.12,0.13,0.135,0.13,0.13,0.135,0.125,0.13,0.135,0.13,0.15,0.17,0.17,0.145,0.11,0.09,0.075,0.065,0.025,0.005,-0.01,-0.01,0.025,0.05,0.025,0.015,0.02,0.03,0.055,0.065,0.04,-0.005,-0.035,-0.035,-0.03,0.015,0.0,0.0,0.01,0.01,0.025,0.005,-0.01,-0.01,-0.005,-0.005,0.02,0.015,0.03,0.055,0.09,0.12,0.18,0.23,0.265,0.355,0.445,0.545,0.64,0.75,0.865,0.995,1.095,1.21,1.29,1.37,1.46,1.535,1.615,1.615,1.58,1.51,1.455,1.435,1.405,1.385,1.35,1.29,1.21,1.15,1.125,1.09,1.08,1.085,1.045,0.95,0.83,0.715,0.58,0.405,0.195,0.015,-0.09,-0.165,-0.215,3.0
